--
-- PostgreSQL database dump
--

\restrict mF3g5M9WMFPqvRjLN9o6C0mXXeo6tRnt12bliIBev6krfhSvFepbIefk4uNoXE6

-- Dumped from database version 14.19 (Homebrew)
-- Dumped by pg_dump version 14.19 (Homebrew)

SET statement_timeout = 0;
SET lock_timeout = 0;
SET idle_in_transaction_session_timeout = 0;
SET client_encoding = 'UTF8';
SET standard_conforming_strings = on;
SELECT pg_catalog.set_config('search_path', '', false);
SET check_function_bodies = false;
SET xmloption = content;
SET client_min_messages = warning;
SET row_security = off;

SET default_tablespace = '';

SET default_table_access_method = heap;

--
-- Name: api_auditorium; Type: TABLE; Schema: public; Owner: trantuanduong
--

CREATE TABLE public.api_auditorium (
    id uuid NOT NULL,
    name character varying(60) NOT NULL,
    standard_row_count integer NOT NULL,
    vip_row_count integer NOT NULL,
    couple_row_count integer NOT NULL,
    seats_per_row integer NOT NULL,
    created_at timestamp with time zone NOT NULL,
    updated_at timestamp with time zone NOT NULL,
    CONSTRAINT api_auditorium_couple_row_count_check CHECK ((couple_row_count >= 0)),
    CONSTRAINT api_auditorium_seats_per_row_check CHECK ((seats_per_row >= 0)),
    CONSTRAINT api_auditorium_standard_row_count_check CHECK ((standard_row_count >= 0)),
    CONSTRAINT api_auditorium_vip_row_count_check CHECK ((vip_row_count >= 0))
);


ALTER TABLE public.api_auditorium OWNER TO trantuanduong;

--
-- Name: api_booking; Type: TABLE; Schema: public; Owner: trantuanduong
--

CREATE TABLE public.api_booking (
    id uuid NOT NULL,
    status character varying(20) NOT NULL,
    total_amount numeric(12,2) NOT NULL,
    payment_method character varying(30),
    created_at timestamp with time zone NOT NULL,
    expires_at timestamp with time zone,
    user_id uuid NOT NULL,
    showtime_id uuid NOT NULL
);


ALTER TABLE public.api_booking OWNER TO trantuanduong;

--
-- Name: api_genre; Type: TABLE; Schema: public; Owner: trantuanduong
--

CREATE TABLE public.api_genre (
    id uuid NOT NULL,
    name character varying(60) NOT NULL
);


ALTER TABLE public.api_genre OWNER TO trantuanduong;

--
-- Name: api_movie; Type: TABLE; Schema: public; Owner: trantuanduong
--

CREATE TABLE public.api_movie (
    id uuid NOT NULL,
    title character varying(200) NOT NULL,
    duration_min integer NOT NULL,
    rating character varying(10),
    release_date date,
    description text NOT NULL,
    poster_url text NOT NULL,
    CONSTRAINT api_movie_duration_min_check CHECK ((duration_min >= 0))
);


ALTER TABLE public.api_movie OWNER TO trantuanduong;

--
-- Name: api_moviegenre; Type: TABLE; Schema: public; Owner: trantuanduong
--

CREATE TABLE public.api_moviegenre (
    id bigint NOT NULL,
    genre_id uuid NOT NULL,
    movie_id uuid NOT NULL
);


ALTER TABLE public.api_moviegenre OWNER TO trantuanduong;

--
-- Name: api_moviegenre_id_seq; Type: SEQUENCE; Schema: public; Owner: trantuanduong
--

ALTER TABLE public.api_moviegenre ALTER COLUMN id ADD GENERATED BY DEFAULT AS IDENTITY (
    SEQUENCE NAME public.api_moviegenre_id_seq
    START WITH 1
    INCREMENT BY 1
    NO MINVALUE
    NO MAXVALUE
    CACHE 1
);


--
-- Name: api_payment; Type: TABLE; Schema: public; Owner: trantuanduong
--

CREATE TABLE public.api_payment (
    id uuid NOT NULL,
    amount numeric(12,2) NOT NULL,
    provider character varying(40) NOT NULL,
    external_id character varying(80),
    status character varying(20) NOT NULL,
    paid_at timestamp with time zone,
    created_at timestamp with time zone NOT NULL,
    booking_id uuid NOT NULL
);


ALTER TABLE public.api_payment OWNER TO trantuanduong;

--
-- Name: api_seat; Type: TABLE; Schema: public; Owner: trantuanduong
--

CREATE TABLE public.api_seat (
    id uuid NOT NULL,
    row_label character varying(5) NOT NULL,
    seat_number integer NOT NULL,
    seat_type character varying(10) NOT NULL,
    auditorium_id uuid NOT NULL
);


ALTER TABLE public.api_seat OWNER TO trantuanduong;

--
-- Name: api_showtime; Type: TABLE; Schema: public; Owner: trantuanduong
--

CREATE TABLE public.api_showtime (
    id uuid NOT NULL,
    start_time timestamp with time zone NOT NULL,
    end_time timestamp with time zone NOT NULL,
    base_price numeric(12,2) NOT NULL,
    status character varying(20) NOT NULL,
    auditorium_id uuid NOT NULL,
    movie_id uuid NOT NULL
);


ALTER TABLE public.api_showtime OWNER TO trantuanduong;

--
-- Name: api_ticket; Type: TABLE; Schema: public; Owner: trantuanduong
--

CREATE TABLE public.api_ticket (
    id uuid NOT NULL,
    price numeric(12,2) NOT NULL,
    qr_code character varying(64),
    status character varying(20) NOT NULL,
    booked_at timestamp with time zone NOT NULL,
    booking_id uuid NOT NULL,
    seat_id uuid NOT NULL,
    showtime_id uuid NOT NULL
);


ALTER TABLE public.api_ticket OWNER TO trantuanduong;

--
-- Name: api_user; Type: TABLE; Schema: public; Owner: trantuanduong
--

CREATE TABLE public.api_user (
    password character varying(128) NOT NULL,
    last_login timestamp with time zone,
    is_superuser boolean NOT NULL,
    username character varying(150) NOT NULL,
    first_name character varying(150) NOT NULL,
    last_name character varying(150) NOT NULL,
    is_staff boolean NOT NULL,
    is_active boolean NOT NULL,
    date_joined timestamp with time zone NOT NULL,
    id uuid NOT NULL,
    full_name character varying(100),
    email character varying(254) NOT NULL,
    phone character varying(20),
    role character varying(12) NOT NULL,
    created_at timestamp with time zone NOT NULL,
    updated_at timestamp with time zone NOT NULL,
    date_of_birth date
);


ALTER TABLE public.api_user OWNER TO trantuanduong;

--
-- Name: api_user_groups; Type: TABLE; Schema: public; Owner: trantuanduong
--

CREATE TABLE public.api_user_groups (
    id bigint NOT NULL,
    user_id uuid NOT NULL,
    group_id integer NOT NULL
);


ALTER TABLE public.api_user_groups OWNER TO trantuanduong;

--
-- Name: api_user_groups_id_seq; Type: SEQUENCE; Schema: public; Owner: trantuanduong
--

ALTER TABLE public.api_user_groups ALTER COLUMN id ADD GENERATED BY DEFAULT AS IDENTITY (
    SEQUENCE NAME public.api_user_groups_id_seq
    START WITH 1
    INCREMENT BY 1
    NO MINVALUE
    NO MAXVALUE
    CACHE 1
);


--
-- Name: api_user_user_permissions; Type: TABLE; Schema: public; Owner: trantuanduong
--

CREATE TABLE public.api_user_user_permissions (
    id bigint NOT NULL,
    user_id uuid NOT NULL,
    permission_id integer NOT NULL
);


ALTER TABLE public.api_user_user_permissions OWNER TO trantuanduong;

--
-- Name: api_user_user_permissions_id_seq; Type: SEQUENCE; Schema: public; Owner: trantuanduong
--

ALTER TABLE public.api_user_user_permissions ALTER COLUMN id ADD GENERATED BY DEFAULT AS IDENTITY (
    SEQUENCE NAME public.api_user_user_permissions_id_seq
    START WITH 1
    INCREMENT BY 1
    NO MINVALUE
    NO MAXVALUE
    CACHE 1
);


--
-- Name: auth_group; Type: TABLE; Schema: public; Owner: trantuanduong
--

CREATE TABLE public.auth_group (
    id integer NOT NULL,
    name character varying(150) NOT NULL
);


ALTER TABLE public.auth_group OWNER TO trantuanduong;

--
-- Name: auth_group_id_seq; Type: SEQUENCE; Schema: public; Owner: trantuanduong
--

ALTER TABLE public.auth_group ALTER COLUMN id ADD GENERATED BY DEFAULT AS IDENTITY (
    SEQUENCE NAME public.auth_group_id_seq
    START WITH 1
    INCREMENT BY 1
    NO MINVALUE
    NO MAXVALUE
    CACHE 1
);


--
-- Name: auth_group_permissions; Type: TABLE; Schema: public; Owner: trantuanduong
--

CREATE TABLE public.auth_group_permissions (
    id bigint NOT NULL,
    group_id integer NOT NULL,
    permission_id integer NOT NULL
);


ALTER TABLE public.auth_group_permissions OWNER TO trantuanduong;

--
-- Name: auth_group_permissions_id_seq; Type: SEQUENCE; Schema: public; Owner: trantuanduong
--

ALTER TABLE public.auth_group_permissions ALTER COLUMN id ADD GENERATED BY DEFAULT AS IDENTITY (
    SEQUENCE NAME public.auth_group_permissions_id_seq
    START WITH 1
    INCREMENT BY 1
    NO MINVALUE
    NO MAXVALUE
    CACHE 1
);


--
-- Name: auth_permission; Type: TABLE; Schema: public; Owner: trantuanduong
--

CREATE TABLE public.auth_permission (
    id integer NOT NULL,
    name character varying(255) NOT NULL,
    content_type_id integer NOT NULL,
    codename character varying(100) NOT NULL
);


ALTER TABLE public.auth_permission OWNER TO trantuanduong;

--
-- Name: auth_permission_id_seq; Type: SEQUENCE; Schema: public; Owner: trantuanduong
--

ALTER TABLE public.auth_permission ALTER COLUMN id ADD GENERATED BY DEFAULT AS IDENTITY (
    SEQUENCE NAME public.auth_permission_id_seq
    START WITH 1
    INCREMENT BY 1
    NO MINVALUE
    NO MAXVALUE
    CACHE 1
);


--
-- Name: django_admin_log; Type: TABLE; Schema: public; Owner: trantuanduong
--

CREATE TABLE public.django_admin_log (
    id integer NOT NULL,
    action_time timestamp with time zone NOT NULL,
    object_id text,
    object_repr character varying(200) NOT NULL,
    action_flag smallint NOT NULL,
    change_message text NOT NULL,
    content_type_id integer,
    user_id uuid NOT NULL,
    CONSTRAINT django_admin_log_action_flag_check CHECK ((action_flag >= 0))
);


ALTER TABLE public.django_admin_log OWNER TO trantuanduong;

--
-- Name: django_admin_log_id_seq; Type: SEQUENCE; Schema: public; Owner: trantuanduong
--

ALTER TABLE public.django_admin_log ALTER COLUMN id ADD GENERATED BY DEFAULT AS IDENTITY (
    SEQUENCE NAME public.django_admin_log_id_seq
    START WITH 1
    INCREMENT BY 1
    NO MINVALUE
    NO MAXVALUE
    CACHE 1
);


--
-- Name: django_content_type; Type: TABLE; Schema: public; Owner: trantuanduong
--

CREATE TABLE public.django_content_type (
    id integer NOT NULL,
    app_label character varying(100) NOT NULL,
    model character varying(100) NOT NULL
);


ALTER TABLE public.django_content_type OWNER TO trantuanduong;

--
-- Name: django_content_type_id_seq; Type: SEQUENCE; Schema: public; Owner: trantuanduong
--

ALTER TABLE public.django_content_type ALTER COLUMN id ADD GENERATED BY DEFAULT AS IDENTITY (
    SEQUENCE NAME public.django_content_type_id_seq
    START WITH 1
    INCREMENT BY 1
    NO MINVALUE
    NO MAXVALUE
    CACHE 1
);


--
-- Name: django_migrations; Type: TABLE; Schema: public; Owner: trantuanduong
--

CREATE TABLE public.django_migrations (
    id bigint NOT NULL,
    app character varying(255) NOT NULL,
    name character varying(255) NOT NULL,
    applied timestamp with time zone NOT NULL
);


ALTER TABLE public.django_migrations OWNER TO trantuanduong;

--
-- Name: django_migrations_id_seq; Type: SEQUENCE; Schema: public; Owner: trantuanduong
--

ALTER TABLE public.django_migrations ALTER COLUMN id ADD GENERATED BY DEFAULT AS IDENTITY (
    SEQUENCE NAME public.django_migrations_id_seq
    START WITH 1
    INCREMENT BY 1
    NO MINVALUE
    NO MAXVALUE
    CACHE 1
);


--
-- Name: django_session; Type: TABLE; Schema: public; Owner: trantuanduong
--

CREATE TABLE public.django_session (
    session_key character varying(40) NOT NULL,
    session_data text NOT NULL,
    expire_date timestamp with time zone NOT NULL
);


ALTER TABLE public.django_session OWNER TO trantuanduong;

--
-- Data for Name: api_auditorium; Type: TABLE DATA; Schema: public; Owner: trantuanduong
--

COPY public.api_auditorium (id, name, standard_row_count, vip_row_count, couple_row_count, seats_per_row, created_at, updated_at) FROM stdin;
eee1d55a-4fd7-45f8-98f3-fe316bea0b07	Cinema Hall 1	5	3	2	12	2025-10-16 08:57:05.525488+07	2025-10-16 08:57:05.525497+07
4f3098da-57b2-4100-bb89-4a9a792a5b6e	Cinema Hall 2	6	2	2	10	2025-10-16 08:57:05.596185+07	2025-10-16 08:57:05.596191+07
90d82435-d468-45d6-9c9c-b3432bd65a1c	Cinema Hall 3	4	4	1	14	2025-10-16 08:57:05.643148+07	2025-10-16 08:57:05.643155+07
30169a51-3c0a-4136-a4c0-9e6f2bc313bf	IMAX Theatre	8	4	2	16	2025-10-16 08:57:05.70057+07	2025-10-16 08:57:05.700578+07
\.


--
-- Data for Name: api_booking; Type: TABLE DATA; Schema: public; Owner: trantuanduong
--

COPY public.api_booking (id, status, total_amount, payment_method, created_at, expires_at, user_id, showtime_id) FROM stdin;
5d23d6dd-2b22-4f7b-a1b3-e1b00935363d	canceled	80000.00	\N	2025-10-16 09:08:01.473471+07	2025-10-16 09:18:01.473307+07	c011f803-fc4e-4adf-94cd-304a1edd5d24	d5fbbed2-d6b8-4cc6-b9a9-e757926e8273
\.


--
-- Data for Name: api_genre; Type: TABLE DATA; Schema: public; Owner: trantuanduong
--

COPY public.api_genre (id, name) FROM stdin;
27db57d8-9402-45d6-ad4e-20fbf4b2b013	Action
b54f2a72-4145-4a70-82de-aded3084c1e9	Comedy
f96b6ebb-34c2-4aad-b87f-2c05a875538f	Drama
9f186a0f-4b29-4ece-a48b-7c0db54da153	Horror
02ee4021-89f8-406d-ab67-6f2c5dd049da	Sci-Fi
6d639857-4b6e-4aeb-a603-5f774f6bf618	Romance
4c94aadf-749b-4c8d-963a-d8684059df99	Thriller
ec605c93-62d1-473e-b33c-b70f33527c42	Animation
49ff2e35-d9af-46d5-a6e3-70771692c3a5	Adventure
50765972-74b2-4ce7-8851-dafaf19769fb	Crime
16078605-7d6e-43f5-b216-d7b18ef008f0	Fantasy
15e03d31-aa1f-41f0-82a2-145454fe52e6	Mystery
0b61d423-d4ec-4ae9-b32e-95b182b2bf89	War
b0892961-c501-4be3-a96e-6d1e26a0f00f	Documentary
bde3170e-b914-4be7-99cc-6b62c6a7a75d	Musical
\.


--
-- Data for Name: api_movie; Type: TABLE DATA; Schema: public; Owner: trantuanduong
--

COPY public.api_movie (id, title, duration_min, rating, release_date, description, poster_url) FROM stdin;
0fc89c4b-9228-4c10-b92a-80f94da1de9e	The Dark Knight	152	PG-13	2008-07-18	When the menace known as the Joker wreaks havoc and chaos on the people of Gotham, Batman must accept one of the greatest psychological and physical tests of his ability to fight injustice.	https://example.com/dark_knight.jpg
e892e566-b9c2-4a58-885b-607cf67e8326	Inception	148	PG-13	2010-07-16	A thief who steals corporate secrets through the use of dream-sharing technology is given the inverse task of planting an idea into the mind of a C.E.O.	https://example.com/inception.jpg
f19673f2-af2a-4faa-86b7-841b8ea77836	Interstellar	169	PG-13	2014-11-07	A team of explorers travel through a wormhole in space in an attempt to ensure humanity's survival.	https://example.com/interstellar.jpg
2babc793-bc35-4ca2-b60c-9402a8d639c1	The Avengers	143	PG-13	2012-05-04	Earth's mightiest heroes must come together and learn to fight as a team if they are going to stop the mischievous Loki and his alien army from enslaving humanity.	https://example.com/avengers.jpg
55465414-1a44-4fdc-828c-adddc51ae144	Parasite	132	R	2019-05-30	A poor family schemes to become employed by a wealthy family by infiltrating their household and posing as unrelated, highly qualified individuals.	https://example.com/parasite.jpg
2dfd85ae-3674-45d6-af81-fce482b6f25e	Spider-Man: No Way Home	148	PG-13	2021-12-17	With Spider-Man's identity now revealed, Peter asks Doctor Strange for help. When a spell goes wrong, dangerous foes from other worlds start to appear.	https://example.com/spiderman.jpg
\.


--
-- Data for Name: api_moviegenre; Type: TABLE DATA; Schema: public; Owner: trantuanduong
--

COPY public.api_moviegenre (id, genre_id, movie_id) FROM stdin;
37	27db57d8-9402-45d6-ad4e-20fbf4b2b013	0fc89c4b-9228-4c10-b92a-80f94da1de9e
38	50765972-74b2-4ce7-8851-dafaf19769fb	0fc89c4b-9228-4c10-b92a-80f94da1de9e
39	f96b6ebb-34c2-4aad-b87f-2c05a875538f	0fc89c4b-9228-4c10-b92a-80f94da1de9e
40	27db57d8-9402-45d6-ad4e-20fbf4b2b013	e892e566-b9c2-4a58-885b-607cf67e8326
41	02ee4021-89f8-406d-ab67-6f2c5dd049da	e892e566-b9c2-4a58-885b-607cf67e8326
42	4c94aadf-749b-4c8d-963a-d8684059df99	e892e566-b9c2-4a58-885b-607cf67e8326
43	49ff2e35-d9af-46d5-a6e3-70771692c3a5	f19673f2-af2a-4faa-86b7-841b8ea77836
44	f96b6ebb-34c2-4aad-b87f-2c05a875538f	f19673f2-af2a-4faa-86b7-841b8ea77836
45	02ee4021-89f8-406d-ab67-6f2c5dd049da	f19673f2-af2a-4faa-86b7-841b8ea77836
46	27db57d8-9402-45d6-ad4e-20fbf4b2b013	2babc793-bc35-4ca2-b60c-9402a8d639c1
47	49ff2e35-d9af-46d5-a6e3-70771692c3a5	2babc793-bc35-4ca2-b60c-9402a8d639c1
48	02ee4021-89f8-406d-ab67-6f2c5dd049da	2babc793-bc35-4ca2-b60c-9402a8d639c1
49	b54f2a72-4145-4a70-82de-aded3084c1e9	55465414-1a44-4fdc-828c-adddc51ae144
50	f96b6ebb-34c2-4aad-b87f-2c05a875538f	55465414-1a44-4fdc-828c-adddc51ae144
51	4c94aadf-749b-4c8d-963a-d8684059df99	55465414-1a44-4fdc-828c-adddc51ae144
52	27db57d8-9402-45d6-ad4e-20fbf4b2b013	2dfd85ae-3674-45d6-af81-fce482b6f25e
53	49ff2e35-d9af-46d5-a6e3-70771692c3a5	2dfd85ae-3674-45d6-af81-fce482b6f25e
54	02ee4021-89f8-406d-ab67-6f2c5dd049da	2dfd85ae-3674-45d6-af81-fce482b6f25e
\.


--
-- Data for Name: api_payment; Type: TABLE DATA; Schema: public; Owner: trantuanduong
--

COPY public.api_payment (id, amount, provider, external_id, status, paid_at, created_at, booking_id) FROM stdin;
\.


--
-- Data for Name: api_seat; Type: TABLE DATA; Schema: public; Owner: trantuanduong
--

COPY public.api_seat (id, row_label, seat_number, seat_type, auditorium_id) FROM stdin;
409e4b48-8a4e-4dc9-a826-76ea1afbebf6	A	1	standard	eee1d55a-4fd7-45f8-98f3-fe316bea0b07
de8f443b-ee9c-402d-a878-2eb2a14a38bb	A	2	standard	eee1d55a-4fd7-45f8-98f3-fe316bea0b07
52b21a89-d282-42bc-a094-a755f7787f8d	A	3	standard	eee1d55a-4fd7-45f8-98f3-fe316bea0b07
d0db4fcf-8ef6-4052-886c-afb5f18d63fe	A	4	standard	eee1d55a-4fd7-45f8-98f3-fe316bea0b07
564b2453-7ff6-451d-9755-4fa8eed9ab45	A	5	standard	eee1d55a-4fd7-45f8-98f3-fe316bea0b07
67e47b13-72c2-458b-9fa5-77b6b827d42c	A	6	standard	eee1d55a-4fd7-45f8-98f3-fe316bea0b07
449048d1-c285-49fd-bb49-c1251e583264	A	7	standard	eee1d55a-4fd7-45f8-98f3-fe316bea0b07
fe1ae6e4-c739-407b-a7e5-30494d5fcefe	A	8	standard	eee1d55a-4fd7-45f8-98f3-fe316bea0b07
38fe57d0-3899-4cb6-b40d-8b58d293bbdf	A	9	standard	eee1d55a-4fd7-45f8-98f3-fe316bea0b07
73124f9e-5d36-46a7-a37e-ed100ad6c902	A	10	standard	eee1d55a-4fd7-45f8-98f3-fe316bea0b07
99d7dcd0-8592-4406-963f-8976f0ba08e0	A	11	standard	eee1d55a-4fd7-45f8-98f3-fe316bea0b07
9229f60e-ed8b-4cda-b568-685ff60d9a08	A	12	standard	eee1d55a-4fd7-45f8-98f3-fe316bea0b07
9ee92b10-a6a6-4c6c-aa69-9366c7ae7182	B	1	standard	eee1d55a-4fd7-45f8-98f3-fe316bea0b07
fd236466-bbf9-40a2-9496-2e97a1537ac8	B	2	standard	eee1d55a-4fd7-45f8-98f3-fe316bea0b07
fa786a1b-dd9e-4ae7-854b-8efd72080d95	B	3	standard	eee1d55a-4fd7-45f8-98f3-fe316bea0b07
3fd75017-6f5a-4fb2-a95f-5fd15c9e4169	B	4	standard	eee1d55a-4fd7-45f8-98f3-fe316bea0b07
75d1043e-bf12-4fcf-8ae9-6947f0cb43f8	B	5	standard	eee1d55a-4fd7-45f8-98f3-fe316bea0b07
9e1a563c-a9bb-4d92-99d7-72c7d6322eff	B	6	standard	eee1d55a-4fd7-45f8-98f3-fe316bea0b07
9cb9d54f-e724-486a-9b4d-7fcff5670ceb	B	7	standard	eee1d55a-4fd7-45f8-98f3-fe316bea0b07
c45d7aba-3118-43c6-a319-4b1121388b3a	B	8	standard	eee1d55a-4fd7-45f8-98f3-fe316bea0b07
6c4cf9f6-230b-4d3e-8a7d-1ae0ebc0d679	B	9	standard	eee1d55a-4fd7-45f8-98f3-fe316bea0b07
7c7b6586-c44a-4fef-bab5-c20d633ecab9	B	10	standard	eee1d55a-4fd7-45f8-98f3-fe316bea0b07
66180ae3-5a0c-4340-844c-bdc9e97995dc	B	11	standard	eee1d55a-4fd7-45f8-98f3-fe316bea0b07
9e518133-69f7-42fc-8008-656c8b038e0f	B	12	standard	eee1d55a-4fd7-45f8-98f3-fe316bea0b07
c6b5390a-a7e6-4196-a3aa-d938aacdf08d	C	1	standard	eee1d55a-4fd7-45f8-98f3-fe316bea0b07
cc72dfff-989c-46f0-acf8-70564d5a6e2c	C	2	standard	eee1d55a-4fd7-45f8-98f3-fe316bea0b07
7c5fd6fa-70f9-4396-8d0a-41f4bc121ef5	C	3	standard	eee1d55a-4fd7-45f8-98f3-fe316bea0b07
0e1263af-85b8-44f9-8eaf-6f6a57e65ba2	C	4	standard	eee1d55a-4fd7-45f8-98f3-fe316bea0b07
880b4e6f-f718-437d-a882-fe793b0d3020	C	5	standard	eee1d55a-4fd7-45f8-98f3-fe316bea0b07
809c6fbe-882e-4f11-be2b-b2c56d729e56	C	6	standard	eee1d55a-4fd7-45f8-98f3-fe316bea0b07
72829ada-0c57-4173-b420-e3efccf5dc80	C	7	standard	eee1d55a-4fd7-45f8-98f3-fe316bea0b07
c9376489-d474-4c22-9bba-b37a3dfb6fa2	C	8	standard	eee1d55a-4fd7-45f8-98f3-fe316bea0b07
d18f2bb4-eb04-4a7e-8f6f-180bc99aa8cc	C	9	standard	eee1d55a-4fd7-45f8-98f3-fe316bea0b07
43397458-6502-43bd-905b-18c763bb6de9	C	10	standard	eee1d55a-4fd7-45f8-98f3-fe316bea0b07
ad2048d7-67d5-477d-ab2b-7c70122bd2b4	C	11	standard	eee1d55a-4fd7-45f8-98f3-fe316bea0b07
44914766-435f-4d71-bdaf-d4bd9563cbc8	C	12	standard	eee1d55a-4fd7-45f8-98f3-fe316bea0b07
4f8ff0ed-b03d-4715-a99c-bd5d2ef4e554	D	1	standard	eee1d55a-4fd7-45f8-98f3-fe316bea0b07
48db04f8-3e0b-488d-b278-e2dad00bbc72	D	2	standard	eee1d55a-4fd7-45f8-98f3-fe316bea0b07
31ebe249-22f0-40b5-bf36-28bf76699824	D	3	standard	eee1d55a-4fd7-45f8-98f3-fe316bea0b07
1b58b2aa-6bc5-4b42-a569-27f9414a34bd	D	4	standard	eee1d55a-4fd7-45f8-98f3-fe316bea0b07
50ed2369-149f-4296-995b-5a27a9f6ca71	D	5	standard	eee1d55a-4fd7-45f8-98f3-fe316bea0b07
78812781-fb21-4ce1-b9e6-aa0884025017	D	6	standard	eee1d55a-4fd7-45f8-98f3-fe316bea0b07
729c67b8-e3ee-4f22-9bbe-5faf26bd6969	D	7	standard	eee1d55a-4fd7-45f8-98f3-fe316bea0b07
118e4ca5-b854-4f5e-a151-8829ed823d09	D	8	standard	eee1d55a-4fd7-45f8-98f3-fe316bea0b07
af2331b2-ae6d-4dcb-9e30-316dcaad415b	D	9	standard	eee1d55a-4fd7-45f8-98f3-fe316bea0b07
32a44e4f-916f-4f63-b8df-404240c3c044	D	10	standard	eee1d55a-4fd7-45f8-98f3-fe316bea0b07
270eed77-8f07-4f41-912b-417dba946b10	D	11	standard	eee1d55a-4fd7-45f8-98f3-fe316bea0b07
3b4d6f01-71e5-4b16-b664-90dfc726743e	D	12	standard	eee1d55a-4fd7-45f8-98f3-fe316bea0b07
a0e4d78f-9a71-4061-8398-f3f90d9e9002	E	1	standard	eee1d55a-4fd7-45f8-98f3-fe316bea0b07
c2e593ce-0755-4bff-9c38-bda332545aef	E	2	standard	eee1d55a-4fd7-45f8-98f3-fe316bea0b07
65cb3748-32f4-433e-b738-72e10b2d9018	E	3	standard	eee1d55a-4fd7-45f8-98f3-fe316bea0b07
c084f714-a689-42c4-b773-4043f35306ac	E	4	standard	eee1d55a-4fd7-45f8-98f3-fe316bea0b07
7ba0c38b-3453-4f96-89dc-63bd4e8beaec	E	5	standard	eee1d55a-4fd7-45f8-98f3-fe316bea0b07
f63183a1-bd7e-42a7-bcec-3a26a0b91685	E	6	standard	eee1d55a-4fd7-45f8-98f3-fe316bea0b07
d9df3f35-b90d-494d-a8c8-4449cbcd95e5	E	7	standard	eee1d55a-4fd7-45f8-98f3-fe316bea0b07
a415af0d-4094-4336-bfa7-641a692a80dc	E	8	standard	eee1d55a-4fd7-45f8-98f3-fe316bea0b07
f726009a-73a2-443f-87d7-2b0d8950ac85	E	9	standard	eee1d55a-4fd7-45f8-98f3-fe316bea0b07
10276615-d41b-4f44-930c-73515c0a14cb	E	10	standard	eee1d55a-4fd7-45f8-98f3-fe316bea0b07
38dc3faa-3176-42c2-976a-b60208b5a15e	E	11	standard	eee1d55a-4fd7-45f8-98f3-fe316bea0b07
fe3c7f0f-b144-431f-9340-dc9683ff1410	E	12	standard	eee1d55a-4fd7-45f8-98f3-fe316bea0b07
263d9383-4d51-43ba-9b66-c0cb3278e6a5	F	1	vip	eee1d55a-4fd7-45f8-98f3-fe316bea0b07
b1a512fb-6e98-4b3c-ab8b-cc4ad3885796	F	2	vip	eee1d55a-4fd7-45f8-98f3-fe316bea0b07
39f5395b-4ee0-40a1-9444-8398e5c69480	F	3	vip	eee1d55a-4fd7-45f8-98f3-fe316bea0b07
d47cfcdc-7b8a-4a34-8b52-9a1076c71450	F	4	vip	eee1d55a-4fd7-45f8-98f3-fe316bea0b07
9269d79b-2e6f-4bf2-b066-64773b715e6b	F	5	vip	eee1d55a-4fd7-45f8-98f3-fe316bea0b07
42b4f0cf-b124-44dc-8bae-9d1dbdfcd6dd	F	6	vip	eee1d55a-4fd7-45f8-98f3-fe316bea0b07
d5fc851b-e408-426a-9f50-e7b1779e43bd	F	7	vip	eee1d55a-4fd7-45f8-98f3-fe316bea0b07
91f8dc8d-90c5-4a53-ad4e-df75d92701f4	F	8	vip	eee1d55a-4fd7-45f8-98f3-fe316bea0b07
1f94e4fc-1678-432b-b2df-63a08a1a69cc	F	9	vip	eee1d55a-4fd7-45f8-98f3-fe316bea0b07
47547ab5-c8cc-40c0-8146-a5165835c606	F	10	vip	eee1d55a-4fd7-45f8-98f3-fe316bea0b07
62df191d-1366-4d62-ae93-a200711ea69a	F	11	vip	eee1d55a-4fd7-45f8-98f3-fe316bea0b07
aae17b47-dfd2-4af0-a717-caf87b3a2127	F	12	vip	eee1d55a-4fd7-45f8-98f3-fe316bea0b07
237ce970-72d7-4aac-a5ee-e785f77fa565	G	1	vip	eee1d55a-4fd7-45f8-98f3-fe316bea0b07
6fbc8345-4851-4516-9719-21ab3d1fcf38	G	2	vip	eee1d55a-4fd7-45f8-98f3-fe316bea0b07
63e3eb71-62be-412a-809a-de8b0d6757e7	G	3	vip	eee1d55a-4fd7-45f8-98f3-fe316bea0b07
dafb1d5b-e234-48cc-84a6-39e8ddea336d	G	4	vip	eee1d55a-4fd7-45f8-98f3-fe316bea0b07
59291a9a-6f2f-441c-8f6f-c327225399c6	G	5	vip	eee1d55a-4fd7-45f8-98f3-fe316bea0b07
05d18288-933c-4750-ada1-735d386bacb4	G	6	vip	eee1d55a-4fd7-45f8-98f3-fe316bea0b07
f6b09252-69cf-4cec-9b92-acea7ad627fd	G	7	vip	eee1d55a-4fd7-45f8-98f3-fe316bea0b07
5c4dc173-5f05-494c-9bad-33a7626f4fc3	G	8	vip	eee1d55a-4fd7-45f8-98f3-fe316bea0b07
48b192b2-c93e-45ac-85a0-4f5f393a3ff0	G	9	vip	eee1d55a-4fd7-45f8-98f3-fe316bea0b07
5ca7a630-62ac-440f-acbf-88610edf4f53	G	10	vip	eee1d55a-4fd7-45f8-98f3-fe316bea0b07
24beb5aa-d8d6-4e55-8132-18799045a9a5	G	11	vip	eee1d55a-4fd7-45f8-98f3-fe316bea0b07
22185f78-7281-44bc-b4b8-6f64e839c0f1	G	12	vip	eee1d55a-4fd7-45f8-98f3-fe316bea0b07
d091c2d6-37dc-4597-9308-acffae16370b	H	1	vip	eee1d55a-4fd7-45f8-98f3-fe316bea0b07
90966ef8-54ac-4e6a-bc17-dfc6fa8760fa	H	2	vip	eee1d55a-4fd7-45f8-98f3-fe316bea0b07
28445ee9-7d0d-47ea-b05d-04c26d0f1c35	H	3	vip	eee1d55a-4fd7-45f8-98f3-fe316bea0b07
23ab2946-bbef-4c45-9d07-e69fe46bc1a5	H	4	vip	eee1d55a-4fd7-45f8-98f3-fe316bea0b07
2d0b2948-900d-4938-9c44-dc255d9872fb	H	5	vip	eee1d55a-4fd7-45f8-98f3-fe316bea0b07
7dc9fb21-7c29-436a-8090-1b247191b079	H	6	vip	eee1d55a-4fd7-45f8-98f3-fe316bea0b07
4819df7d-e990-4d7b-9457-635ab7186004	H	7	vip	eee1d55a-4fd7-45f8-98f3-fe316bea0b07
7c49ef97-415c-426e-aedc-c198923fb6e4	H	8	vip	eee1d55a-4fd7-45f8-98f3-fe316bea0b07
cfd4ae36-e663-4bee-b3d2-6ba0a014c7fc	H	9	vip	eee1d55a-4fd7-45f8-98f3-fe316bea0b07
50206a43-81a6-4984-bad8-258216757faf	H	10	vip	eee1d55a-4fd7-45f8-98f3-fe316bea0b07
f7a0f03c-59ba-49c7-a515-2365754063c4	H	11	vip	eee1d55a-4fd7-45f8-98f3-fe316bea0b07
f12ed9f2-e0ac-4ca7-9de2-b0060615684d	H	12	vip	eee1d55a-4fd7-45f8-98f3-fe316bea0b07
cb778fd6-1f04-495b-891e-e050eb9b9c7a	I	1	couple	eee1d55a-4fd7-45f8-98f3-fe316bea0b07
5ecd6153-ed21-4b56-bbf4-bb521b15da89	I	2	couple	eee1d55a-4fd7-45f8-98f3-fe316bea0b07
8a099154-08f6-4b4c-9d1d-3b44c1e89dbf	I	3	couple	eee1d55a-4fd7-45f8-98f3-fe316bea0b07
56d5be12-715c-44c4-85d7-9cded43ecc2f	I	4	couple	eee1d55a-4fd7-45f8-98f3-fe316bea0b07
367dca7b-e287-4535-afaf-f87b3bf728bc	I	5	couple	eee1d55a-4fd7-45f8-98f3-fe316bea0b07
b8923f4a-a205-445c-8f93-68e18dce0d1e	I	6	couple	eee1d55a-4fd7-45f8-98f3-fe316bea0b07
e49d0f96-3b7e-470f-a7db-4027bebdf196	I	7	couple	eee1d55a-4fd7-45f8-98f3-fe316bea0b07
2cd6bd5d-e676-4220-be49-06d3942e4ec3	I	8	couple	eee1d55a-4fd7-45f8-98f3-fe316bea0b07
e5d9e7ff-6b0e-4fd5-a369-1c764820c1ac	I	9	couple	eee1d55a-4fd7-45f8-98f3-fe316bea0b07
a04e94fc-c562-45ee-8356-c4d1e8bbb0a2	I	10	couple	eee1d55a-4fd7-45f8-98f3-fe316bea0b07
4ecc9026-4cc3-44ef-9fdf-3715d127ff41	I	11	couple	eee1d55a-4fd7-45f8-98f3-fe316bea0b07
ee6187fe-78da-4e9d-b2cc-c54e6299d7c2	I	12	couple	eee1d55a-4fd7-45f8-98f3-fe316bea0b07
f2e98625-c69f-47c8-b254-1b159ca2eeec	J	1	couple	eee1d55a-4fd7-45f8-98f3-fe316bea0b07
f8bc366a-596d-4fb2-985b-c96c6b6e3c93	J	2	couple	eee1d55a-4fd7-45f8-98f3-fe316bea0b07
c13d3ef0-02ac-4036-a9c2-0f44925b4f88	J	3	couple	eee1d55a-4fd7-45f8-98f3-fe316bea0b07
e93aed66-a733-43a8-8055-b45e4145fe5b	J	4	couple	eee1d55a-4fd7-45f8-98f3-fe316bea0b07
c34c1cf9-3d73-4a1b-9844-e32d445a827a	J	5	couple	eee1d55a-4fd7-45f8-98f3-fe316bea0b07
91a5a9bf-01ba-4274-aa32-5460dd5949e6	J	6	couple	eee1d55a-4fd7-45f8-98f3-fe316bea0b07
eff3a87a-003f-4262-b0a3-3881e0cb7682	J	7	couple	eee1d55a-4fd7-45f8-98f3-fe316bea0b07
7ccbc04e-cf65-44d4-b6a0-9bbd108511ce	J	8	couple	eee1d55a-4fd7-45f8-98f3-fe316bea0b07
11cd8366-c690-49eb-92ea-1a7e1cbfb086	J	9	couple	eee1d55a-4fd7-45f8-98f3-fe316bea0b07
ef44a50a-c522-4c50-8a1c-ce49c241e611	J	10	couple	eee1d55a-4fd7-45f8-98f3-fe316bea0b07
6ee9064d-b031-44f9-8944-347dc90855fb	J	11	couple	eee1d55a-4fd7-45f8-98f3-fe316bea0b07
7190f868-ca51-45d7-9bf2-298708cd8a7b	J	12	couple	eee1d55a-4fd7-45f8-98f3-fe316bea0b07
7dae3b38-55fd-4ce0-a5e3-effc2d826dc3	A	1	standard	4f3098da-57b2-4100-bb89-4a9a792a5b6e
654c7ac7-3e50-46c4-862d-f04f323c0fbb	A	2	standard	4f3098da-57b2-4100-bb89-4a9a792a5b6e
f7f04770-7107-42c6-8900-cec2e94748eb	A	3	standard	4f3098da-57b2-4100-bb89-4a9a792a5b6e
25a14661-b0e7-4d22-830f-1c45465a9a3f	A	4	standard	4f3098da-57b2-4100-bb89-4a9a792a5b6e
cc95c706-a0a6-4752-b2a0-cfceef728d0c	A	5	standard	4f3098da-57b2-4100-bb89-4a9a792a5b6e
c606b68c-c6c8-44af-ba4a-b8dae12eb104	A	6	standard	4f3098da-57b2-4100-bb89-4a9a792a5b6e
3d903306-7002-4444-a0be-7faf8b8bcde4	A	7	standard	4f3098da-57b2-4100-bb89-4a9a792a5b6e
1b22bf28-3993-4ca1-98f7-ef2cf9138f98	A	8	standard	4f3098da-57b2-4100-bb89-4a9a792a5b6e
a81e1ceb-edd6-4199-8a60-b322204416ff	A	9	standard	4f3098da-57b2-4100-bb89-4a9a792a5b6e
5c85af4c-d6b1-4ac7-9118-328bac708257	A	10	standard	4f3098da-57b2-4100-bb89-4a9a792a5b6e
a29227f4-fb43-4bc3-86de-b2e090d78251	B	1	standard	4f3098da-57b2-4100-bb89-4a9a792a5b6e
faaf20fb-9401-4288-920b-599e445c736d	B	2	standard	4f3098da-57b2-4100-bb89-4a9a792a5b6e
a6672165-225f-48c7-a7c1-531f18b03634	B	3	standard	4f3098da-57b2-4100-bb89-4a9a792a5b6e
2ccefe4d-dc64-4237-bfa3-0713b9d00ea2	B	4	standard	4f3098da-57b2-4100-bb89-4a9a792a5b6e
43bd0298-3621-489a-b21a-ea77315ccc97	B	5	standard	4f3098da-57b2-4100-bb89-4a9a792a5b6e
2c12c7fb-5de0-440f-9334-d18d94bd1ef1	B	6	standard	4f3098da-57b2-4100-bb89-4a9a792a5b6e
3fe04cff-8e37-478d-929b-18a047c0bda0	B	7	standard	4f3098da-57b2-4100-bb89-4a9a792a5b6e
b4c1c904-0dc3-402b-a23b-4446d640bfae	B	8	standard	4f3098da-57b2-4100-bb89-4a9a792a5b6e
c20f2384-221e-4a43-9544-190c3de9e5e6	B	9	standard	4f3098da-57b2-4100-bb89-4a9a792a5b6e
a84eb27c-ad25-49a6-8db1-3921933f9e30	B	10	standard	4f3098da-57b2-4100-bb89-4a9a792a5b6e
4b1fd4ba-6053-4b7b-946d-ef35e18160a6	C	1	standard	4f3098da-57b2-4100-bb89-4a9a792a5b6e
4252e89c-0be6-4645-9874-6dd5d7753451	C	2	standard	4f3098da-57b2-4100-bb89-4a9a792a5b6e
2a5b47db-7384-4e1c-b923-4d4d9179ea64	C	3	standard	4f3098da-57b2-4100-bb89-4a9a792a5b6e
b97a93fc-9b8f-425e-b538-8930f8de607b	C	4	standard	4f3098da-57b2-4100-bb89-4a9a792a5b6e
ee3b57a2-7968-4c97-893b-6c1070b38139	C	5	standard	4f3098da-57b2-4100-bb89-4a9a792a5b6e
d78a78cd-5681-4710-968a-b27175d7f77c	C	6	standard	4f3098da-57b2-4100-bb89-4a9a792a5b6e
6ae62d63-3ef8-43a2-8c4b-e2c126b89203	C	7	standard	4f3098da-57b2-4100-bb89-4a9a792a5b6e
c06d7aa2-1f80-4d8c-94c2-3225c522d734	C	8	standard	4f3098da-57b2-4100-bb89-4a9a792a5b6e
7f395773-2927-41b7-a191-eedd5af7cccf	C	9	standard	4f3098da-57b2-4100-bb89-4a9a792a5b6e
4c6b046d-3109-4fd6-babc-314bd424ed75	C	10	standard	4f3098da-57b2-4100-bb89-4a9a792a5b6e
57f5a70f-ac8a-4d59-9ebe-18439b08e4a1	D	1	standard	4f3098da-57b2-4100-bb89-4a9a792a5b6e
dae6cbaf-0eaf-4a46-8d19-6156e3905b6e	D	2	standard	4f3098da-57b2-4100-bb89-4a9a792a5b6e
5407bdb4-4f47-4e5b-a895-ae7d085468a3	D	3	standard	4f3098da-57b2-4100-bb89-4a9a792a5b6e
4f3c2745-2996-45d3-9eb1-c6b4b98cb5b7	D	4	standard	4f3098da-57b2-4100-bb89-4a9a792a5b6e
9b4a3aa3-9ead-4d06-8c14-183ff819b941	D	5	standard	4f3098da-57b2-4100-bb89-4a9a792a5b6e
767c8473-6e3c-4236-a6df-986c74d966fd	D	6	standard	4f3098da-57b2-4100-bb89-4a9a792a5b6e
ab0fdd44-fe76-4661-8220-ef6980c2e04c	D	7	standard	4f3098da-57b2-4100-bb89-4a9a792a5b6e
41753d9c-7cbc-49e7-85d0-2288f4de60d5	D	8	standard	4f3098da-57b2-4100-bb89-4a9a792a5b6e
089f590f-7c97-48e6-9b7d-e1dca55de400	D	9	standard	4f3098da-57b2-4100-bb89-4a9a792a5b6e
a833d402-12fc-4b16-ac5c-69de507dd5a4	D	10	standard	4f3098da-57b2-4100-bb89-4a9a792a5b6e
dba18a99-948b-4c90-addf-859d1490f5af	E	1	standard	4f3098da-57b2-4100-bb89-4a9a792a5b6e
00584cf1-eda8-4d67-821c-fbf4d5796e3a	E	2	standard	4f3098da-57b2-4100-bb89-4a9a792a5b6e
0ce4a48a-456c-4ca3-9ac7-0b5cb46d92d9	E	3	standard	4f3098da-57b2-4100-bb89-4a9a792a5b6e
34dccfa2-8355-40d5-bb52-6fc4b0e4ee64	E	4	standard	4f3098da-57b2-4100-bb89-4a9a792a5b6e
2cbc7cb6-1eaf-41f1-b674-e47e11236718	E	5	standard	4f3098da-57b2-4100-bb89-4a9a792a5b6e
6ae0e0c3-22cf-4775-a8bb-606ed170708c	E	6	standard	4f3098da-57b2-4100-bb89-4a9a792a5b6e
8f7a8651-4c39-483a-99ed-3cb4d1410680	E	7	standard	4f3098da-57b2-4100-bb89-4a9a792a5b6e
8e75cf02-f859-45bf-b399-3bdf84721b9e	E	8	standard	4f3098da-57b2-4100-bb89-4a9a792a5b6e
3b35aacd-0495-42a4-8daf-7006adf8749d	E	9	standard	4f3098da-57b2-4100-bb89-4a9a792a5b6e
82cdefb1-4326-44e2-aa32-7d85be863e17	E	10	standard	4f3098da-57b2-4100-bb89-4a9a792a5b6e
f6f6a9bf-bbcc-4f5a-9424-20ee18d2bf1d	F	1	standard	4f3098da-57b2-4100-bb89-4a9a792a5b6e
309d8b0b-09b2-4b10-bcb4-0899971b89c2	F	2	standard	4f3098da-57b2-4100-bb89-4a9a792a5b6e
719620f6-250f-4038-a728-244fbe5b15d6	F	3	standard	4f3098da-57b2-4100-bb89-4a9a792a5b6e
4760b3ab-1c00-4269-aaaf-13b01f9941cc	F	4	standard	4f3098da-57b2-4100-bb89-4a9a792a5b6e
9a75b52d-673f-4a97-a78a-81db1703c364	F	5	standard	4f3098da-57b2-4100-bb89-4a9a792a5b6e
b433b8a9-c5cc-4ff1-abe7-f0895b01d0ff	F	6	standard	4f3098da-57b2-4100-bb89-4a9a792a5b6e
a38ab72c-67d9-4007-84eb-a518b223bc41	F	7	standard	4f3098da-57b2-4100-bb89-4a9a792a5b6e
b1487089-693a-49ca-ae8b-fe420583d406	F	8	standard	4f3098da-57b2-4100-bb89-4a9a792a5b6e
5c9021b0-cd9b-4bde-8bdd-6bc1b6ed3ca5	F	9	standard	4f3098da-57b2-4100-bb89-4a9a792a5b6e
895cc496-49c8-4c45-90d5-67f982e13742	F	10	standard	4f3098da-57b2-4100-bb89-4a9a792a5b6e
00f4251d-3484-4550-b760-1efaabb7882f	G	1	vip	4f3098da-57b2-4100-bb89-4a9a792a5b6e
dca07346-35bd-45d6-810f-dd581bca4789	G	2	vip	4f3098da-57b2-4100-bb89-4a9a792a5b6e
94a536c5-620f-4e65-9829-8bec091da0fc	G	3	vip	4f3098da-57b2-4100-bb89-4a9a792a5b6e
fcdb3eda-53b5-49e3-9f92-9a184b61b6d3	G	4	vip	4f3098da-57b2-4100-bb89-4a9a792a5b6e
4922f588-430c-4845-9893-5bbbc5f30536	G	5	vip	4f3098da-57b2-4100-bb89-4a9a792a5b6e
359d16b6-009d-4f8a-bf73-fc32ef1af605	G	6	vip	4f3098da-57b2-4100-bb89-4a9a792a5b6e
2b590236-3b3a-4f37-88aa-126eecc399f7	G	7	vip	4f3098da-57b2-4100-bb89-4a9a792a5b6e
3495caf7-9314-4ead-8fe5-49fd0877aae5	G	8	vip	4f3098da-57b2-4100-bb89-4a9a792a5b6e
55b75b33-7eb7-44ef-b57a-6a5818e7e288	G	9	vip	4f3098da-57b2-4100-bb89-4a9a792a5b6e
e8251c0c-bf4c-4ed7-81e2-f3230b4a249f	G	10	vip	4f3098da-57b2-4100-bb89-4a9a792a5b6e
8ec6d802-080f-4140-aaeb-90ed13e9e6ad	H	1	vip	4f3098da-57b2-4100-bb89-4a9a792a5b6e
fab5f517-3636-49e8-b4b3-18d56dc2105f	H	2	vip	4f3098da-57b2-4100-bb89-4a9a792a5b6e
f1db0e72-238b-4768-93e6-4aebf5b0a70a	H	3	vip	4f3098da-57b2-4100-bb89-4a9a792a5b6e
a74e4aeb-50e1-4f3e-861f-95c7038d4e7f	H	4	vip	4f3098da-57b2-4100-bb89-4a9a792a5b6e
fad1c887-4531-44b9-8f1e-d8c5db3ad000	H	5	vip	4f3098da-57b2-4100-bb89-4a9a792a5b6e
fb69634f-6ce9-4e9d-b6cf-1861dcf8667b	H	6	vip	4f3098da-57b2-4100-bb89-4a9a792a5b6e
d4c85b10-c610-45bd-9657-7c82a10adeb5	H	7	vip	4f3098da-57b2-4100-bb89-4a9a792a5b6e
faa9a54a-035b-4cd8-a40e-d1521a7c2b69	H	8	vip	4f3098da-57b2-4100-bb89-4a9a792a5b6e
58bd98ee-9f30-43c3-8485-fa88a15ccda7	H	9	vip	4f3098da-57b2-4100-bb89-4a9a792a5b6e
530c57c0-dd64-4b90-8f7c-674ebf937a98	H	10	vip	4f3098da-57b2-4100-bb89-4a9a792a5b6e
ad20188a-545b-40ac-ab84-3c179148a387	I	1	couple	4f3098da-57b2-4100-bb89-4a9a792a5b6e
688ece9d-8cad-4705-ac26-49cc2c69b8ed	I	2	couple	4f3098da-57b2-4100-bb89-4a9a792a5b6e
bf65637e-074f-4d32-bbf2-6400cdadd9dd	I	3	couple	4f3098da-57b2-4100-bb89-4a9a792a5b6e
4d48c3ab-ebf7-4a55-97d2-8836bd43d886	I	4	couple	4f3098da-57b2-4100-bb89-4a9a792a5b6e
a9927cfe-9ca0-45bc-93e1-301567a0158b	I	5	couple	4f3098da-57b2-4100-bb89-4a9a792a5b6e
4be66c8d-fa33-4f6e-939f-facaefed03fd	I	6	couple	4f3098da-57b2-4100-bb89-4a9a792a5b6e
8df3cdfb-4ad5-4327-8690-a54d8c20c1d9	I	7	couple	4f3098da-57b2-4100-bb89-4a9a792a5b6e
221f4c72-e11c-4283-a18a-369e6f3af66b	I	8	couple	4f3098da-57b2-4100-bb89-4a9a792a5b6e
5621cd45-cd7b-4043-b5da-c1f390494876	I	9	couple	4f3098da-57b2-4100-bb89-4a9a792a5b6e
3d499d74-d8e5-4461-85c9-7ef77f06098d	I	10	couple	4f3098da-57b2-4100-bb89-4a9a792a5b6e
f0285e6b-17fe-426a-bcaf-c4089dcf7837	J	1	couple	4f3098da-57b2-4100-bb89-4a9a792a5b6e
00856bc5-5ea7-4234-8c02-b3c6f0fc2e26	J	2	couple	4f3098da-57b2-4100-bb89-4a9a792a5b6e
f51482b2-22f6-4562-84d4-b78f329f88a7	J	3	couple	4f3098da-57b2-4100-bb89-4a9a792a5b6e
7ef16f84-fdb3-4291-906a-993f439d866f	J	4	couple	4f3098da-57b2-4100-bb89-4a9a792a5b6e
17ec9357-d3bd-4179-a622-538d1ca81ad4	J	5	couple	4f3098da-57b2-4100-bb89-4a9a792a5b6e
6ceb8a76-5dec-4e0e-a85d-89e821d55218	J	6	couple	4f3098da-57b2-4100-bb89-4a9a792a5b6e
87365dc6-59c1-48be-9cf1-8c758a31cd9e	J	7	couple	4f3098da-57b2-4100-bb89-4a9a792a5b6e
d71b8dfb-e869-41f1-a124-649dbf2d90ac	J	8	couple	4f3098da-57b2-4100-bb89-4a9a792a5b6e
13bee320-1263-4ae8-a630-e4986486b27d	J	9	couple	4f3098da-57b2-4100-bb89-4a9a792a5b6e
e698c2a4-cc52-49e4-a4d3-b5f1f23c19c7	J	10	couple	4f3098da-57b2-4100-bb89-4a9a792a5b6e
70245597-a9f4-428e-ac13-fe89b75b29a6	A	1	standard	90d82435-d468-45d6-9c9c-b3432bd65a1c
eee0c8af-1e38-48a8-b720-6277153977a3	A	2	standard	90d82435-d468-45d6-9c9c-b3432bd65a1c
e77da98b-12ce-4f26-95f4-faf3317b9907	A	3	standard	90d82435-d468-45d6-9c9c-b3432bd65a1c
8ade6ea0-3ffb-49c8-b6b0-96cc6a1137ab	A	4	standard	90d82435-d468-45d6-9c9c-b3432bd65a1c
0d41603b-f760-457b-9427-5f251e425ad1	A	5	standard	90d82435-d468-45d6-9c9c-b3432bd65a1c
2d94aec5-170f-4216-a4da-66443de0eb42	A	6	standard	90d82435-d468-45d6-9c9c-b3432bd65a1c
6242e175-4ea1-406a-b247-5ae8d8182e91	A	7	standard	90d82435-d468-45d6-9c9c-b3432bd65a1c
2ee561cb-ff0d-4a75-9dcc-ad22122547f3	A	8	standard	90d82435-d468-45d6-9c9c-b3432bd65a1c
39f5f09f-97c4-4ea1-829e-b41e1013cc5f	A	9	standard	90d82435-d468-45d6-9c9c-b3432bd65a1c
87b95fdc-599b-4bee-b6fe-63805d700089	A	10	standard	90d82435-d468-45d6-9c9c-b3432bd65a1c
2a38cc61-1cc1-4ade-839c-9e1476b17b3c	A	11	standard	90d82435-d468-45d6-9c9c-b3432bd65a1c
aac01e7a-0b9c-4a84-80f2-622652eb3329	A	12	standard	90d82435-d468-45d6-9c9c-b3432bd65a1c
08a8020d-f223-42d2-a988-f66ff227a4ae	A	13	standard	90d82435-d468-45d6-9c9c-b3432bd65a1c
f7159a5a-3f12-409d-8430-345cf81096a4	A	14	standard	90d82435-d468-45d6-9c9c-b3432bd65a1c
54d4d225-cc37-4662-8b11-8df712aa8b90	B	1	standard	90d82435-d468-45d6-9c9c-b3432bd65a1c
a0b657dc-578a-4829-8014-0cc7df70e12a	B	2	standard	90d82435-d468-45d6-9c9c-b3432bd65a1c
87b2adc7-51a0-4ad9-9f99-2b2ec145f991	B	3	standard	90d82435-d468-45d6-9c9c-b3432bd65a1c
fd7a801d-2ecd-4bb6-9586-8bf30ba42569	B	4	standard	90d82435-d468-45d6-9c9c-b3432bd65a1c
1249d68d-b9be-4cd6-ad1b-9a0b12662f74	B	5	standard	90d82435-d468-45d6-9c9c-b3432bd65a1c
f85acde7-052f-45ad-8c8b-dcb8e8963d29	B	6	standard	90d82435-d468-45d6-9c9c-b3432bd65a1c
9926d786-8c9e-43a4-af65-4b74e844134a	B	7	standard	90d82435-d468-45d6-9c9c-b3432bd65a1c
377716c9-8af3-47e6-bef3-44650711a222	B	8	standard	90d82435-d468-45d6-9c9c-b3432bd65a1c
1c753c1e-40c2-4f5e-ab6e-8153f21dd8e2	B	9	standard	90d82435-d468-45d6-9c9c-b3432bd65a1c
39a7a6c2-95ed-40ed-bb0e-ed3cee92137b	B	10	standard	90d82435-d468-45d6-9c9c-b3432bd65a1c
4f0c157b-f1b6-4003-905d-dabf3ebf1389	B	11	standard	90d82435-d468-45d6-9c9c-b3432bd65a1c
6a9ce65a-38f4-46a3-a519-6c6fc0ed3d43	B	12	standard	90d82435-d468-45d6-9c9c-b3432bd65a1c
743d578a-b7e1-4d34-9aeb-c3dd5aa173b4	B	13	standard	90d82435-d468-45d6-9c9c-b3432bd65a1c
f61ff313-d3cd-44f9-880f-c92bbeb618bd	B	14	standard	90d82435-d468-45d6-9c9c-b3432bd65a1c
890051d2-e53d-41c9-a5c9-105f89601fbe	C	1	standard	90d82435-d468-45d6-9c9c-b3432bd65a1c
0706539c-0373-48b5-9916-ddeccaaddcf3	C	2	standard	90d82435-d468-45d6-9c9c-b3432bd65a1c
7007c203-61b6-4498-899e-ba4099cba808	C	3	standard	90d82435-d468-45d6-9c9c-b3432bd65a1c
8eed46bb-6b3f-47ff-98c6-9060df107969	C	4	standard	90d82435-d468-45d6-9c9c-b3432bd65a1c
bcf7cadd-1895-41da-a6dd-6d0c8e3776cc	C	5	standard	90d82435-d468-45d6-9c9c-b3432bd65a1c
6a7be432-6ec9-4ba5-a553-4d0fbe2848f4	C	6	standard	90d82435-d468-45d6-9c9c-b3432bd65a1c
c561a221-f7d6-467f-81a4-65a4a056a70d	C	7	standard	90d82435-d468-45d6-9c9c-b3432bd65a1c
826ba30c-e762-4609-9f27-50a8e949b087	C	8	standard	90d82435-d468-45d6-9c9c-b3432bd65a1c
969ba12c-e136-424d-8453-1b4db0dfcfad	C	9	standard	90d82435-d468-45d6-9c9c-b3432bd65a1c
e5a5dd6f-2027-49c7-aba3-58c2eea31a32	C	10	standard	90d82435-d468-45d6-9c9c-b3432bd65a1c
4767d6eb-301d-4348-a2d2-6069c841f88c	C	11	standard	90d82435-d468-45d6-9c9c-b3432bd65a1c
c82661ca-1dbc-4239-b63f-60c17992614a	C	12	standard	90d82435-d468-45d6-9c9c-b3432bd65a1c
236b6ca1-c0b6-46d0-bc04-9004082c4a5e	C	13	standard	90d82435-d468-45d6-9c9c-b3432bd65a1c
3197c508-5f1f-42e2-ae99-3bb3d528746b	C	14	standard	90d82435-d468-45d6-9c9c-b3432bd65a1c
cd94c7f4-50e7-4d2b-9293-c3d2747da493	D	1	standard	90d82435-d468-45d6-9c9c-b3432bd65a1c
b8ef51ec-7f90-4fcc-8ce9-e39c41b055ef	D	2	standard	90d82435-d468-45d6-9c9c-b3432bd65a1c
bcb9060f-7aad-4739-934c-e7163b9bce75	D	3	standard	90d82435-d468-45d6-9c9c-b3432bd65a1c
7a124cfa-c3ad-46bf-a4b6-4b4a9c963d7d	D	4	standard	90d82435-d468-45d6-9c9c-b3432bd65a1c
68d4a88e-8de4-4ac2-9818-cd40f1eda2d2	D	5	standard	90d82435-d468-45d6-9c9c-b3432bd65a1c
9a5d60b2-77d5-4e39-945a-c1de75b797bb	D	6	standard	90d82435-d468-45d6-9c9c-b3432bd65a1c
d3ee61f7-baeb-4a14-9188-ae620a9eae9c	D	7	standard	90d82435-d468-45d6-9c9c-b3432bd65a1c
eccf2669-42dc-4dd2-aa60-5b5f9c004a20	D	8	standard	90d82435-d468-45d6-9c9c-b3432bd65a1c
bddb2b63-aa83-42dd-91fa-eb7bc1fc1d29	D	9	standard	90d82435-d468-45d6-9c9c-b3432bd65a1c
736ae361-5d09-4d0d-b497-3c47957ee3b2	D	10	standard	90d82435-d468-45d6-9c9c-b3432bd65a1c
d01865d0-8043-40d0-9f56-1ee8af9ee83b	D	11	standard	90d82435-d468-45d6-9c9c-b3432bd65a1c
ced68c50-4e05-45e8-9791-c01270fb4af8	D	12	standard	90d82435-d468-45d6-9c9c-b3432bd65a1c
fa878880-f361-4270-9492-bc9b5ba4e029	D	13	standard	90d82435-d468-45d6-9c9c-b3432bd65a1c
732dad9e-d802-4ae9-b8f1-c07c26b08e81	D	14	standard	90d82435-d468-45d6-9c9c-b3432bd65a1c
b9ad469c-87e9-442b-9df5-c0061fb9f931	E	1	vip	90d82435-d468-45d6-9c9c-b3432bd65a1c
d5b2f17e-34d4-4c72-a90a-b33b7d6174da	E	2	vip	90d82435-d468-45d6-9c9c-b3432bd65a1c
2a413ba0-9210-483a-9593-a7290185b712	E	3	vip	90d82435-d468-45d6-9c9c-b3432bd65a1c
a8ee02fa-aaaa-41ab-9124-d8ccb9f3234b	E	4	vip	90d82435-d468-45d6-9c9c-b3432bd65a1c
b37d06da-3714-4c50-ae4b-cfef9f3c4429	E	5	vip	90d82435-d468-45d6-9c9c-b3432bd65a1c
20aa1f01-e016-4d83-8ef0-0cccea892862	E	6	vip	90d82435-d468-45d6-9c9c-b3432bd65a1c
5210362c-a3c8-4ee9-b8c4-7aa0853b23da	E	7	vip	90d82435-d468-45d6-9c9c-b3432bd65a1c
12b3ea4a-e5bd-4509-a6c2-de5786ed3589	E	8	vip	90d82435-d468-45d6-9c9c-b3432bd65a1c
a385e7ae-04b8-4d61-a152-e514947d5569	E	9	vip	90d82435-d468-45d6-9c9c-b3432bd65a1c
8b5058aa-e1af-4fab-881d-f0f8fa72ac38	E	10	vip	90d82435-d468-45d6-9c9c-b3432bd65a1c
b3abe960-474c-4652-a7d3-616ed1c39f67	E	11	vip	90d82435-d468-45d6-9c9c-b3432bd65a1c
55d2c6b1-aa55-4426-ac9a-8fcaeefaa0cd	E	12	vip	90d82435-d468-45d6-9c9c-b3432bd65a1c
eaca3d26-7f19-4d69-979d-7a0671c3e0c3	E	13	vip	90d82435-d468-45d6-9c9c-b3432bd65a1c
dd67a5a1-da34-4ccd-8750-612074148812	E	14	vip	90d82435-d468-45d6-9c9c-b3432bd65a1c
ffcd509a-831c-4311-913e-799eddc3c3d8	F	1	vip	90d82435-d468-45d6-9c9c-b3432bd65a1c
b111bb35-a610-445b-979a-cf1a2e7e4b9e	F	2	vip	90d82435-d468-45d6-9c9c-b3432bd65a1c
7ccbb582-0d2b-4ade-9529-a3dc0b4d6fc0	F	3	vip	90d82435-d468-45d6-9c9c-b3432bd65a1c
31ad1af1-9980-47b3-8b90-0e7b43e89fff	F	4	vip	90d82435-d468-45d6-9c9c-b3432bd65a1c
8c58ad05-a76c-4faa-b210-972d400c18aa	F	5	vip	90d82435-d468-45d6-9c9c-b3432bd65a1c
c78b02c0-e5ab-4cac-bb8e-49f62fbbbae0	F	6	vip	90d82435-d468-45d6-9c9c-b3432bd65a1c
d55048ff-598b-46eb-8dae-5967c46b0724	F	7	vip	90d82435-d468-45d6-9c9c-b3432bd65a1c
a4b14259-b3ac-4727-be89-c84a996076e8	F	8	vip	90d82435-d468-45d6-9c9c-b3432bd65a1c
ef79b1c3-e7e3-454c-a65e-e4b5f5bcb2a0	F	9	vip	90d82435-d468-45d6-9c9c-b3432bd65a1c
f3ce9b87-29f9-47f9-9248-2940d434d6b5	F	10	vip	90d82435-d468-45d6-9c9c-b3432bd65a1c
7358a593-efc6-436f-8078-dcf811d17faa	F	11	vip	90d82435-d468-45d6-9c9c-b3432bd65a1c
74ddfd1d-c6c1-4e56-af08-2348b64b5f92	F	12	vip	90d82435-d468-45d6-9c9c-b3432bd65a1c
f1db2666-2d9d-4a47-a1af-217abef086e9	F	13	vip	90d82435-d468-45d6-9c9c-b3432bd65a1c
78c763b8-09e9-4c35-ae58-f84ee531a739	F	14	vip	90d82435-d468-45d6-9c9c-b3432bd65a1c
328d9243-b7c1-4fec-a2c5-d39aa816580b	G	1	vip	90d82435-d468-45d6-9c9c-b3432bd65a1c
8103ce8a-83e6-4c06-a2f4-b82cf5793f78	G	2	vip	90d82435-d468-45d6-9c9c-b3432bd65a1c
aeb1b171-dcae-460f-9750-c4c886e22386	G	3	vip	90d82435-d468-45d6-9c9c-b3432bd65a1c
9bd194ec-7aa6-44ca-befe-37c73a1c517e	G	4	vip	90d82435-d468-45d6-9c9c-b3432bd65a1c
b4018473-b985-4cbb-a6b8-f9872ebed0b1	G	5	vip	90d82435-d468-45d6-9c9c-b3432bd65a1c
a94bc0f5-3951-4d5d-9b73-158baabc5c76	G	6	vip	90d82435-d468-45d6-9c9c-b3432bd65a1c
844c255a-7534-4ad6-b013-ca95dc96317e	G	7	vip	90d82435-d468-45d6-9c9c-b3432bd65a1c
fc5385aa-55e1-4a07-aad3-fc12a7f4fa34	G	8	vip	90d82435-d468-45d6-9c9c-b3432bd65a1c
6d2c97a1-f5fa-4b89-8d92-6351e2af059f	G	9	vip	90d82435-d468-45d6-9c9c-b3432bd65a1c
21a8cebe-301d-4311-8c82-aaff4a692505	G	10	vip	90d82435-d468-45d6-9c9c-b3432bd65a1c
e88502d4-1160-4541-b09e-fe3208b7d57d	G	11	vip	90d82435-d468-45d6-9c9c-b3432bd65a1c
4f6e0c3b-5e13-44ae-aa79-ce11909ad3a2	G	12	vip	90d82435-d468-45d6-9c9c-b3432bd65a1c
f5b8c4af-73a3-4925-82b4-ed5fcd17cb7b	G	13	vip	90d82435-d468-45d6-9c9c-b3432bd65a1c
72af27e6-24c0-43b8-a582-0a70f78ebda0	G	14	vip	90d82435-d468-45d6-9c9c-b3432bd65a1c
7fe53a4a-84f4-4e53-a112-576fdc8f3fdf	H	1	vip	90d82435-d468-45d6-9c9c-b3432bd65a1c
75532e96-0445-4014-acc1-ee4461c050ca	H	2	vip	90d82435-d468-45d6-9c9c-b3432bd65a1c
c7f4c7d5-c8b5-4998-a4f4-2c1a18e2ea9c	H	3	vip	90d82435-d468-45d6-9c9c-b3432bd65a1c
b76ac75e-40e7-4041-982e-718e3574e2ba	H	4	vip	90d82435-d468-45d6-9c9c-b3432bd65a1c
b880138c-5cd3-429a-adf6-16bca18b9754	H	5	vip	90d82435-d468-45d6-9c9c-b3432bd65a1c
db615bc0-32c5-43b5-af72-f7b3c7702f14	H	6	vip	90d82435-d468-45d6-9c9c-b3432bd65a1c
e9919dc5-0d6c-4281-8e46-936492913114	H	7	vip	90d82435-d468-45d6-9c9c-b3432bd65a1c
ca8318da-2a9d-410c-8b0e-e2a4a466106c	H	8	vip	90d82435-d468-45d6-9c9c-b3432bd65a1c
8c5f1d24-3442-4c48-aed9-64fb7cd108fe	H	9	vip	90d82435-d468-45d6-9c9c-b3432bd65a1c
689e9195-b90c-4acf-8173-ea63b52358f4	H	10	vip	90d82435-d468-45d6-9c9c-b3432bd65a1c
cbd23c3f-c82a-4050-a27c-a4f202d76eb6	H	11	vip	90d82435-d468-45d6-9c9c-b3432bd65a1c
33996736-b961-41f7-ae52-931321fd9975	H	12	vip	90d82435-d468-45d6-9c9c-b3432bd65a1c
0bf4fd48-d54d-4ee9-ab21-29a76475400b	H	13	vip	90d82435-d468-45d6-9c9c-b3432bd65a1c
53da8291-1f59-4906-bb98-4f96176ee04e	H	14	vip	90d82435-d468-45d6-9c9c-b3432bd65a1c
5370d838-7b72-4c67-acd8-9575170309b3	I	1	couple	90d82435-d468-45d6-9c9c-b3432bd65a1c
09ccbb29-f0f9-4cdf-b87a-1f12be1b24bc	I	2	couple	90d82435-d468-45d6-9c9c-b3432bd65a1c
1bb739fd-0b9b-4d67-95a8-2f4cbe2c47b6	I	3	couple	90d82435-d468-45d6-9c9c-b3432bd65a1c
9bdd7fef-9278-4c4c-b774-4eb7f73285c8	I	4	couple	90d82435-d468-45d6-9c9c-b3432bd65a1c
ae8f5eb0-179f-4ccb-bc2d-98d2febe2fcb	I	5	couple	90d82435-d468-45d6-9c9c-b3432bd65a1c
ca439d75-89be-469d-a7c3-4b5a29d8f4f9	I	6	couple	90d82435-d468-45d6-9c9c-b3432bd65a1c
eea39182-2b14-4ce8-abd7-209020346ac3	I	7	couple	90d82435-d468-45d6-9c9c-b3432bd65a1c
d713c754-2db3-44cd-8d87-fa4ba7514f91	I	8	couple	90d82435-d468-45d6-9c9c-b3432bd65a1c
01404421-6490-45ec-bdbd-f870e9deda2d	I	9	couple	90d82435-d468-45d6-9c9c-b3432bd65a1c
c6cca90e-9f28-4a87-97e6-44f34cf55f92	I	10	couple	90d82435-d468-45d6-9c9c-b3432bd65a1c
99158648-fa0d-47e5-9144-cc23643743d4	I	11	couple	90d82435-d468-45d6-9c9c-b3432bd65a1c
f5cf80bc-3be3-4e51-986a-004facc2926a	I	12	couple	90d82435-d468-45d6-9c9c-b3432bd65a1c
556b11d7-ce9a-42d4-94ef-119ce059d101	I	13	couple	90d82435-d468-45d6-9c9c-b3432bd65a1c
b7083545-69dc-48ec-aff0-1bde1fc03053	I	14	couple	90d82435-d468-45d6-9c9c-b3432bd65a1c
bea492f2-56ca-4f6c-bae3-1af3678c0962	A	1	standard	30169a51-3c0a-4136-a4c0-9e6f2bc313bf
141018c2-d30d-4dae-81f1-984bf5d11655	A	2	standard	30169a51-3c0a-4136-a4c0-9e6f2bc313bf
be781a92-e38a-4549-bcce-25d515668f4f	A	3	standard	30169a51-3c0a-4136-a4c0-9e6f2bc313bf
4032252f-ddc5-4225-9521-75abd8900ec9	A	4	standard	30169a51-3c0a-4136-a4c0-9e6f2bc313bf
c54f4aaf-b162-41e6-9cdb-67238e2f8bc6	A	5	standard	30169a51-3c0a-4136-a4c0-9e6f2bc313bf
53ef46ed-c5b2-4160-8345-04f5a60c6ca2	A	6	standard	30169a51-3c0a-4136-a4c0-9e6f2bc313bf
647ce6f1-f0bb-40a6-bf2a-0044b8071611	A	7	standard	30169a51-3c0a-4136-a4c0-9e6f2bc313bf
ade35485-3711-48bc-b438-375ceb5e2025	A	8	standard	30169a51-3c0a-4136-a4c0-9e6f2bc313bf
bab1353a-b46e-4e80-8598-d21f1ccf5b40	A	9	standard	30169a51-3c0a-4136-a4c0-9e6f2bc313bf
2b4b3ca3-f3aa-4313-8943-b989dd1f2223	A	10	standard	30169a51-3c0a-4136-a4c0-9e6f2bc313bf
ea18b8f3-5970-43f4-8d1a-3824d523f7ad	A	11	standard	30169a51-3c0a-4136-a4c0-9e6f2bc313bf
daf2d85c-c46f-470f-b0b0-100e5b1ddb6e	A	12	standard	30169a51-3c0a-4136-a4c0-9e6f2bc313bf
b460decd-e1fe-486c-ac57-38cfc0b62666	A	13	standard	30169a51-3c0a-4136-a4c0-9e6f2bc313bf
59c78253-6ada-40ec-8967-d658af5afdbd	A	14	standard	30169a51-3c0a-4136-a4c0-9e6f2bc313bf
10d98cf3-145c-4b8d-9b39-8eb853cae765	A	15	standard	30169a51-3c0a-4136-a4c0-9e6f2bc313bf
ed1f9767-8d3f-441a-b603-bf37e06dbb91	A	16	standard	30169a51-3c0a-4136-a4c0-9e6f2bc313bf
bde87d1d-bd1b-4ef5-87c0-a8efc67700fc	B	1	standard	30169a51-3c0a-4136-a4c0-9e6f2bc313bf
65ac2383-e60c-4dee-95a5-794fe098a992	B	2	standard	30169a51-3c0a-4136-a4c0-9e6f2bc313bf
8d36ddf6-2874-4adb-9f88-bf8052d34257	B	3	standard	30169a51-3c0a-4136-a4c0-9e6f2bc313bf
e4e43acf-c6f3-45bb-b65d-615268187f9c	B	4	standard	30169a51-3c0a-4136-a4c0-9e6f2bc313bf
b69f564c-439e-487b-81d8-14abc7b7113e	B	5	standard	30169a51-3c0a-4136-a4c0-9e6f2bc313bf
17723842-1cd0-4f1b-bf45-bbdce471a518	B	6	standard	30169a51-3c0a-4136-a4c0-9e6f2bc313bf
4e3e5b5c-092b-4441-b74a-d66eed6dc5cb	B	7	standard	30169a51-3c0a-4136-a4c0-9e6f2bc313bf
bd3e69fe-2df0-472a-9264-8d4fa3b29e6b	B	8	standard	30169a51-3c0a-4136-a4c0-9e6f2bc313bf
a4b0988e-c225-4a8d-89c0-db3a0238eaa2	B	9	standard	30169a51-3c0a-4136-a4c0-9e6f2bc313bf
e6b6e760-1222-4e7c-a192-8a849a297e0b	B	10	standard	30169a51-3c0a-4136-a4c0-9e6f2bc313bf
6fef1481-53e5-4873-8ddc-8653b2936e32	B	11	standard	30169a51-3c0a-4136-a4c0-9e6f2bc313bf
24e76ead-38aa-4b3f-a231-f5d452b59308	B	12	standard	30169a51-3c0a-4136-a4c0-9e6f2bc313bf
9e15498a-7ab1-4a15-aaff-97ec0ec85e85	B	13	standard	30169a51-3c0a-4136-a4c0-9e6f2bc313bf
b512d67b-7e1e-442b-975f-23c9caaeeb22	B	14	standard	30169a51-3c0a-4136-a4c0-9e6f2bc313bf
1bde3b06-9461-4491-b182-571697e52704	B	15	standard	30169a51-3c0a-4136-a4c0-9e6f2bc313bf
97094b4b-db23-456c-bd68-61ed334c96c6	B	16	standard	30169a51-3c0a-4136-a4c0-9e6f2bc313bf
5c34b2d1-bf1b-4263-91ba-a08f1a68bb05	C	1	standard	30169a51-3c0a-4136-a4c0-9e6f2bc313bf
8502cf37-46e5-400e-8b07-74bb26b3feb9	C	2	standard	30169a51-3c0a-4136-a4c0-9e6f2bc313bf
710de5b5-5949-4692-919e-71f39b3d6f45	C	3	standard	30169a51-3c0a-4136-a4c0-9e6f2bc313bf
c0a66206-5a7c-4101-b100-6d89ec4944cd	C	4	standard	30169a51-3c0a-4136-a4c0-9e6f2bc313bf
b284b70e-b6a0-4101-8121-cb6f0426e74a	C	5	standard	30169a51-3c0a-4136-a4c0-9e6f2bc313bf
46a84bce-a108-42ce-b8e4-cbcd7378c289	C	6	standard	30169a51-3c0a-4136-a4c0-9e6f2bc313bf
dad3a0d3-fbb8-42df-9824-29ce029f0ec9	C	7	standard	30169a51-3c0a-4136-a4c0-9e6f2bc313bf
c1b03267-95dd-477f-be1b-3d57be2ce383	C	8	standard	30169a51-3c0a-4136-a4c0-9e6f2bc313bf
04117f4a-a0ea-4ece-a57a-29ca863b9d3f	C	9	standard	30169a51-3c0a-4136-a4c0-9e6f2bc313bf
6fd15397-1a43-46f1-a5c5-4545c31d1e61	C	10	standard	30169a51-3c0a-4136-a4c0-9e6f2bc313bf
d6393d44-bde4-420c-8775-83cdfac99ce0	C	11	standard	30169a51-3c0a-4136-a4c0-9e6f2bc313bf
de2c766d-2441-447d-8dcd-99f5df214b02	C	12	standard	30169a51-3c0a-4136-a4c0-9e6f2bc313bf
3e10a8d0-49aa-446c-a9a9-afe4b1891f68	C	13	standard	30169a51-3c0a-4136-a4c0-9e6f2bc313bf
af2bca96-b75f-4370-9cb5-38624e0cd31f	C	14	standard	30169a51-3c0a-4136-a4c0-9e6f2bc313bf
122f15f0-af45-4a5e-acd2-a60290e977e8	C	15	standard	30169a51-3c0a-4136-a4c0-9e6f2bc313bf
70bc6b05-b2d1-407b-b760-8625637aa372	C	16	standard	30169a51-3c0a-4136-a4c0-9e6f2bc313bf
681d7d0d-fc90-451e-ac9e-7f66dfe37105	D	1	standard	30169a51-3c0a-4136-a4c0-9e6f2bc313bf
760d161d-2ee8-4ead-8454-ca63e5fa328b	D	2	standard	30169a51-3c0a-4136-a4c0-9e6f2bc313bf
a34d1698-420f-45a9-a490-f8a1679a9a93	D	3	standard	30169a51-3c0a-4136-a4c0-9e6f2bc313bf
d4313596-075f-447a-8136-559de6874ee6	D	4	standard	30169a51-3c0a-4136-a4c0-9e6f2bc313bf
2afef222-d76d-4510-ad1d-6416c8cebafe	D	5	standard	30169a51-3c0a-4136-a4c0-9e6f2bc313bf
83eb6b9c-c0bc-4dff-afa1-de9ad2353162	D	6	standard	30169a51-3c0a-4136-a4c0-9e6f2bc313bf
3a2a554a-9783-46f7-a934-ca5de6d4bbd6	D	7	standard	30169a51-3c0a-4136-a4c0-9e6f2bc313bf
0648ba25-a9eb-44b3-975e-4861c56670e5	D	8	standard	30169a51-3c0a-4136-a4c0-9e6f2bc313bf
bca98e5d-a183-45fd-b520-a7dfaa808359	D	9	standard	30169a51-3c0a-4136-a4c0-9e6f2bc313bf
136bf28f-17de-4811-838c-9e639743039a	D	10	standard	30169a51-3c0a-4136-a4c0-9e6f2bc313bf
bc4881e9-3889-4097-89fe-dd42e2058b27	D	11	standard	30169a51-3c0a-4136-a4c0-9e6f2bc313bf
5e82502c-f475-4f7b-87f3-68ab75c02c09	D	12	standard	30169a51-3c0a-4136-a4c0-9e6f2bc313bf
06ecf246-472f-48f6-b9fc-0b5ce979aa7f	D	13	standard	30169a51-3c0a-4136-a4c0-9e6f2bc313bf
9afef505-f95f-4817-912f-ebad3afeb081	D	14	standard	30169a51-3c0a-4136-a4c0-9e6f2bc313bf
759ef78e-6154-4f11-9ff5-90cd309a1e8a	D	15	standard	30169a51-3c0a-4136-a4c0-9e6f2bc313bf
769820bf-627f-4cb3-9f60-0989509acf40	D	16	standard	30169a51-3c0a-4136-a4c0-9e6f2bc313bf
fa7eb9c6-9453-45f3-a34b-bdbfa11f963a	E	1	standard	30169a51-3c0a-4136-a4c0-9e6f2bc313bf
8df20da8-cc00-483c-b080-8c6499ad134a	E	2	standard	30169a51-3c0a-4136-a4c0-9e6f2bc313bf
f9b45cf7-020a-4b82-89e8-b3fcf6d151ee	E	3	standard	30169a51-3c0a-4136-a4c0-9e6f2bc313bf
679578ab-d316-49bf-98a4-a6346bab1312	E	4	standard	30169a51-3c0a-4136-a4c0-9e6f2bc313bf
8efd2415-631f-48c4-8253-b3cc14115410	E	5	standard	30169a51-3c0a-4136-a4c0-9e6f2bc313bf
1f8bc030-cf83-4c8d-a66e-aa0d6f09f07f	E	6	standard	30169a51-3c0a-4136-a4c0-9e6f2bc313bf
2dda8cbe-305a-4444-98d0-51646320579a	E	7	standard	30169a51-3c0a-4136-a4c0-9e6f2bc313bf
adafe945-badc-4c48-8f52-859ce3f5f78e	E	8	standard	30169a51-3c0a-4136-a4c0-9e6f2bc313bf
908522a0-66c6-40ae-a368-e506cbd5067e	E	9	standard	30169a51-3c0a-4136-a4c0-9e6f2bc313bf
9332ab01-722d-401e-87df-d35d52cb7458	E	10	standard	30169a51-3c0a-4136-a4c0-9e6f2bc313bf
96f400e7-423d-4f66-ada6-842e3bbb9360	E	11	standard	30169a51-3c0a-4136-a4c0-9e6f2bc313bf
16a19915-c676-4ec4-876b-de8c44cf4eeb	E	12	standard	30169a51-3c0a-4136-a4c0-9e6f2bc313bf
67bc6b63-4037-4db3-9ed9-2f4411f5246d	E	13	standard	30169a51-3c0a-4136-a4c0-9e6f2bc313bf
a48b9adf-83b3-4e20-9ac5-f9af1b2ba19d	E	14	standard	30169a51-3c0a-4136-a4c0-9e6f2bc313bf
ba335db9-5810-4f24-a731-003437149375	E	15	standard	30169a51-3c0a-4136-a4c0-9e6f2bc313bf
739fbd8e-edbb-4c92-9fb7-14f2441e3fc4	E	16	standard	30169a51-3c0a-4136-a4c0-9e6f2bc313bf
48c5ca6c-ef4c-407a-82e7-39053671d520	F	1	standard	30169a51-3c0a-4136-a4c0-9e6f2bc313bf
ba7bb8b1-538c-4561-8222-9fcdeb0b6b75	F	2	standard	30169a51-3c0a-4136-a4c0-9e6f2bc313bf
409c92da-6d38-4428-bde7-c16272f7ac2f	F	3	standard	30169a51-3c0a-4136-a4c0-9e6f2bc313bf
05f70f55-f82d-4c5a-b4e3-2587b16e19e4	F	4	standard	30169a51-3c0a-4136-a4c0-9e6f2bc313bf
5af1e7ff-e6f1-4b49-9785-987c05d7bd9b	F	5	standard	30169a51-3c0a-4136-a4c0-9e6f2bc313bf
7c0e8dc1-1016-46d4-bff4-4f3a923d65e6	F	6	standard	30169a51-3c0a-4136-a4c0-9e6f2bc313bf
da47338e-7a75-4995-9c58-1db306344fe4	F	7	standard	30169a51-3c0a-4136-a4c0-9e6f2bc313bf
7fb3401d-d4d7-4cc3-b75a-db8b391bb286	F	8	standard	30169a51-3c0a-4136-a4c0-9e6f2bc313bf
669ac84a-80de-4e9b-800c-6dcb8671695f	F	9	standard	30169a51-3c0a-4136-a4c0-9e6f2bc313bf
3cf26e9c-0a54-4d2c-8dda-1c448e69db89	F	10	standard	30169a51-3c0a-4136-a4c0-9e6f2bc313bf
57de4a76-3bf1-45ac-af6a-1a3476cd923c	F	11	standard	30169a51-3c0a-4136-a4c0-9e6f2bc313bf
9b367bcd-6296-4a44-9d7b-f1ce3d33bfec	F	12	standard	30169a51-3c0a-4136-a4c0-9e6f2bc313bf
74dc5e7c-257f-4293-8751-7ba5ae0ca78c	F	13	standard	30169a51-3c0a-4136-a4c0-9e6f2bc313bf
33408c17-06eb-46eb-878a-0dabc89fefd3	F	14	standard	30169a51-3c0a-4136-a4c0-9e6f2bc313bf
50c337fd-bf69-4f52-b309-585877637857	F	15	standard	30169a51-3c0a-4136-a4c0-9e6f2bc313bf
0493042f-7f8e-433a-a2d9-b77ff231a977	F	16	standard	30169a51-3c0a-4136-a4c0-9e6f2bc313bf
77470585-e7e2-4029-8755-372ecbf415dc	G	1	standard	30169a51-3c0a-4136-a4c0-9e6f2bc313bf
b50cead6-ef86-4db8-be8d-9bbed56e1e06	G	2	standard	30169a51-3c0a-4136-a4c0-9e6f2bc313bf
f0a986c7-0010-44e2-9ac5-db4e7a77ce30	G	3	standard	30169a51-3c0a-4136-a4c0-9e6f2bc313bf
6ff40b00-5229-4934-9399-6061c0fcfd6e	G	4	standard	30169a51-3c0a-4136-a4c0-9e6f2bc313bf
9374774e-9c23-4714-83fa-6eae64e08655	G	5	standard	30169a51-3c0a-4136-a4c0-9e6f2bc313bf
279f64d6-525e-47bf-bb64-db293a986038	G	6	standard	30169a51-3c0a-4136-a4c0-9e6f2bc313bf
8bd393bf-616a-4a58-bbca-cc3eaa32822f	G	7	standard	30169a51-3c0a-4136-a4c0-9e6f2bc313bf
62ecdb8a-4ac6-4c38-a08f-c74949ddb128	G	8	standard	30169a51-3c0a-4136-a4c0-9e6f2bc313bf
a6b51b56-cbaa-4c6a-9840-b22fe0afd025	G	9	standard	30169a51-3c0a-4136-a4c0-9e6f2bc313bf
f25dd457-ab34-4eb2-984e-30c24f0478cc	G	10	standard	30169a51-3c0a-4136-a4c0-9e6f2bc313bf
7d2dc4eb-b4d1-42f7-a0a1-101b61a7402d	G	11	standard	30169a51-3c0a-4136-a4c0-9e6f2bc313bf
88589882-c5ea-4d53-bf79-18b4317e69b4	G	12	standard	30169a51-3c0a-4136-a4c0-9e6f2bc313bf
6aa5df89-f891-4004-9a3c-7228d1145f77	G	13	standard	30169a51-3c0a-4136-a4c0-9e6f2bc313bf
b3fa6f79-9881-419d-bcf7-32f994e3d363	G	14	standard	30169a51-3c0a-4136-a4c0-9e6f2bc313bf
1910ddb6-4f87-4e5a-9a69-b0f789393008	G	15	standard	30169a51-3c0a-4136-a4c0-9e6f2bc313bf
ba5aedc9-4cf1-4ee1-a67e-852553a3e634	G	16	standard	30169a51-3c0a-4136-a4c0-9e6f2bc313bf
b121acc9-3747-4482-9505-ceb27f8df215	H	1	standard	30169a51-3c0a-4136-a4c0-9e6f2bc313bf
6819afb2-874c-4109-9fbf-75b2f0d3f79c	H	2	standard	30169a51-3c0a-4136-a4c0-9e6f2bc313bf
da67daeb-5a24-40cb-834c-be2a9e22ec0b	H	3	standard	30169a51-3c0a-4136-a4c0-9e6f2bc313bf
7215bd6f-a80b-4117-a8f8-211b96106b59	H	4	standard	30169a51-3c0a-4136-a4c0-9e6f2bc313bf
ecc7c16f-c110-4085-a8cc-91c1d31709cb	H	5	standard	30169a51-3c0a-4136-a4c0-9e6f2bc313bf
5f39e961-50b5-4248-a76f-d1d81fa377bd	H	6	standard	30169a51-3c0a-4136-a4c0-9e6f2bc313bf
586fa2d9-8118-40f8-96cd-ed11985256bc	H	7	standard	30169a51-3c0a-4136-a4c0-9e6f2bc313bf
f79223e8-f550-43ae-9b40-782019b12c4f	H	8	standard	30169a51-3c0a-4136-a4c0-9e6f2bc313bf
ff8fe20a-7d3f-4747-a618-72f210a9a327	H	9	standard	30169a51-3c0a-4136-a4c0-9e6f2bc313bf
617d7b41-ad6d-45b0-9855-8a2adeb363c3	H	10	standard	30169a51-3c0a-4136-a4c0-9e6f2bc313bf
25314d99-f5dc-42e7-8f4d-6849b38c154d	H	11	standard	30169a51-3c0a-4136-a4c0-9e6f2bc313bf
d9c08a52-c93b-4412-bed6-dc25497eb01f	H	12	standard	30169a51-3c0a-4136-a4c0-9e6f2bc313bf
a9dcb82b-68d9-4f30-b28d-feeab9b67e09	H	13	standard	30169a51-3c0a-4136-a4c0-9e6f2bc313bf
5b863a50-cf9c-4e1c-9fa4-58a86239f888	H	14	standard	30169a51-3c0a-4136-a4c0-9e6f2bc313bf
92f0d7c5-13ba-4aaf-a90f-de0e9be5487d	H	15	standard	30169a51-3c0a-4136-a4c0-9e6f2bc313bf
1c92bdee-301f-42c0-b455-e713be71f015	H	16	standard	30169a51-3c0a-4136-a4c0-9e6f2bc313bf
5eacf5b4-58ed-44f0-a1f3-b8a8f59b3f5f	I	1	vip	30169a51-3c0a-4136-a4c0-9e6f2bc313bf
17c38dd0-6448-4961-bffa-60a9fa891adf	I	2	vip	30169a51-3c0a-4136-a4c0-9e6f2bc313bf
efbf8df5-2257-40d6-b44a-da593f90ffdd	I	3	vip	30169a51-3c0a-4136-a4c0-9e6f2bc313bf
d32abfde-5115-4515-a139-dea779fd0502	I	4	vip	30169a51-3c0a-4136-a4c0-9e6f2bc313bf
d6da810c-a03e-40d7-b231-d414571346ba	I	5	vip	30169a51-3c0a-4136-a4c0-9e6f2bc313bf
91a8e5d5-661f-4146-876d-c0fedf18476e	I	6	vip	30169a51-3c0a-4136-a4c0-9e6f2bc313bf
dd553c1b-612f-40ef-ba4f-437605aae529	I	7	vip	30169a51-3c0a-4136-a4c0-9e6f2bc313bf
14beb54e-444c-4dec-b2b3-e0c583818b6f	I	8	vip	30169a51-3c0a-4136-a4c0-9e6f2bc313bf
0728f1cb-b0be-4ed0-a03e-186d97e43c9b	I	9	vip	30169a51-3c0a-4136-a4c0-9e6f2bc313bf
0429fc60-fbf2-46b3-b8fc-ad2100f26e7f	I	10	vip	30169a51-3c0a-4136-a4c0-9e6f2bc313bf
481f1c98-510f-4520-9463-da578b3c68f7	I	11	vip	30169a51-3c0a-4136-a4c0-9e6f2bc313bf
f89b741a-071e-4a55-832b-cbfee342b0db	I	12	vip	30169a51-3c0a-4136-a4c0-9e6f2bc313bf
e97fe586-960a-4e62-a307-615ee93944cc	I	13	vip	30169a51-3c0a-4136-a4c0-9e6f2bc313bf
10aa3c70-ffad-4ba4-880e-7a8400d5173e	I	14	vip	30169a51-3c0a-4136-a4c0-9e6f2bc313bf
98d8569f-658d-449f-93a7-466784bbf1b1	I	15	vip	30169a51-3c0a-4136-a4c0-9e6f2bc313bf
bd090f51-9b90-40fb-b618-92911ce0532c	I	16	vip	30169a51-3c0a-4136-a4c0-9e6f2bc313bf
a95f2afd-b1fd-430f-9306-e8285bcdca5e	J	1	vip	30169a51-3c0a-4136-a4c0-9e6f2bc313bf
b94764b2-2235-4373-aaa3-21722bb4244e	J	2	vip	30169a51-3c0a-4136-a4c0-9e6f2bc313bf
36672afa-e534-46d3-85e8-018d1224f508	J	3	vip	30169a51-3c0a-4136-a4c0-9e6f2bc313bf
c4c5d7a5-790e-48fc-860e-cd99252a2d16	J	4	vip	30169a51-3c0a-4136-a4c0-9e6f2bc313bf
2c6cb21c-e86e-4bfe-a6b7-4a725dca0d69	J	5	vip	30169a51-3c0a-4136-a4c0-9e6f2bc313bf
45063b20-91fd-4a9f-808a-2fe155a7eced	J	6	vip	30169a51-3c0a-4136-a4c0-9e6f2bc313bf
5d1b4d70-42ac-4ba7-9035-ece3272361f5	J	7	vip	30169a51-3c0a-4136-a4c0-9e6f2bc313bf
ca98dae4-6b75-4409-8210-37b4b1faa8b4	J	8	vip	30169a51-3c0a-4136-a4c0-9e6f2bc313bf
e092743d-832e-4257-b1e2-11e615761ecc	J	9	vip	30169a51-3c0a-4136-a4c0-9e6f2bc313bf
4314220b-203b-434d-b599-5091a3d75b7c	J	10	vip	30169a51-3c0a-4136-a4c0-9e6f2bc313bf
5dd84a95-40a4-49e9-9ec7-46cfb343746d	J	11	vip	30169a51-3c0a-4136-a4c0-9e6f2bc313bf
e6c3cfe9-33d4-461a-982a-759f7b46d4f0	J	12	vip	30169a51-3c0a-4136-a4c0-9e6f2bc313bf
65ca9c97-e7ca-4d22-a603-7e8ffecc824c	J	13	vip	30169a51-3c0a-4136-a4c0-9e6f2bc313bf
8b80a536-abc2-4d9a-853c-1531337d0c64	J	14	vip	30169a51-3c0a-4136-a4c0-9e6f2bc313bf
3356f05e-4e21-4396-9bf8-b528c9971164	J	15	vip	30169a51-3c0a-4136-a4c0-9e6f2bc313bf
d99d898c-e136-40d7-8959-9dc1ee8038c7	J	16	vip	30169a51-3c0a-4136-a4c0-9e6f2bc313bf
23a74451-5370-4fbd-8eb2-1f47f6caf6d1	K	1	vip	30169a51-3c0a-4136-a4c0-9e6f2bc313bf
cbccdca5-0fdc-495a-a139-f88f6212d22a	K	2	vip	30169a51-3c0a-4136-a4c0-9e6f2bc313bf
624a11fb-1e63-4f03-aa00-2f43284761c4	K	3	vip	30169a51-3c0a-4136-a4c0-9e6f2bc313bf
0b5051a3-3597-469d-98fa-382ad00dcede	K	4	vip	30169a51-3c0a-4136-a4c0-9e6f2bc313bf
4c9a6ddf-5366-4f2a-8cb1-cdf225a9f8c7	K	5	vip	30169a51-3c0a-4136-a4c0-9e6f2bc313bf
b8167275-ec76-4ef3-a2f4-1924ebfceb84	K	6	vip	30169a51-3c0a-4136-a4c0-9e6f2bc313bf
0ebaab5d-666d-46c2-9126-483de8169780	K	7	vip	30169a51-3c0a-4136-a4c0-9e6f2bc313bf
4d07c573-16cd-4aa3-a789-e34b8256c798	K	8	vip	30169a51-3c0a-4136-a4c0-9e6f2bc313bf
6a9c4ed6-44ea-4ef6-9f1d-b83ceb51428a	K	9	vip	30169a51-3c0a-4136-a4c0-9e6f2bc313bf
dad642d6-19d3-4f6b-b1c1-a49842bd4ce4	K	10	vip	30169a51-3c0a-4136-a4c0-9e6f2bc313bf
17966ca9-55cb-4126-a855-f6afaee23a6b	K	11	vip	30169a51-3c0a-4136-a4c0-9e6f2bc313bf
f947ad7a-9087-42d4-9d9a-739c579fcb6b	K	12	vip	30169a51-3c0a-4136-a4c0-9e6f2bc313bf
70e855c3-dea9-4a9a-96f4-4dae64c64cca	K	13	vip	30169a51-3c0a-4136-a4c0-9e6f2bc313bf
e6b0eafb-dd43-4239-8dfb-f24f4c353c55	K	14	vip	30169a51-3c0a-4136-a4c0-9e6f2bc313bf
a7addb2f-1276-4490-ab26-4bba0fc85833	K	15	vip	30169a51-3c0a-4136-a4c0-9e6f2bc313bf
6d37ad28-6edd-48ac-b691-852e349eb01b	K	16	vip	30169a51-3c0a-4136-a4c0-9e6f2bc313bf
9b69e952-64d8-43f9-b59a-e02638ed6eeb	L	1	vip	30169a51-3c0a-4136-a4c0-9e6f2bc313bf
1ca2760a-25c5-4cc2-a6e2-050bfca67378	L	2	vip	30169a51-3c0a-4136-a4c0-9e6f2bc313bf
73004097-7fc7-4ffa-8b1c-f12c235ae253	L	3	vip	30169a51-3c0a-4136-a4c0-9e6f2bc313bf
2add2a9a-b9e0-4b73-b8c6-20fe78ca4e58	L	4	vip	30169a51-3c0a-4136-a4c0-9e6f2bc313bf
a309beaf-20b7-4e6c-a857-79a72b01a796	L	5	vip	30169a51-3c0a-4136-a4c0-9e6f2bc313bf
939843a4-9e65-4149-ad71-db22243481d6	L	6	vip	30169a51-3c0a-4136-a4c0-9e6f2bc313bf
46842046-83f1-4195-9eb1-53b9fc8f8730	L	7	vip	30169a51-3c0a-4136-a4c0-9e6f2bc313bf
4be20d3c-f0cf-4947-b2c9-4ffa03434a98	L	8	vip	30169a51-3c0a-4136-a4c0-9e6f2bc313bf
a704e485-1511-410e-9dfa-c678416ccdf5	L	9	vip	30169a51-3c0a-4136-a4c0-9e6f2bc313bf
95b4460d-23e4-4895-8e4f-a0e2e0848b97	L	10	vip	30169a51-3c0a-4136-a4c0-9e6f2bc313bf
b63a4af7-e954-4b11-b5ad-0232baf03b25	L	11	vip	30169a51-3c0a-4136-a4c0-9e6f2bc313bf
f03cc875-eb77-46a2-b9f0-4388b2117381	L	12	vip	30169a51-3c0a-4136-a4c0-9e6f2bc313bf
be1cae80-e9ba-4448-b1b5-5b3adc4fb38d	L	13	vip	30169a51-3c0a-4136-a4c0-9e6f2bc313bf
03f241f8-b1fd-4f16-b8ce-a5f11b76ed0b	L	14	vip	30169a51-3c0a-4136-a4c0-9e6f2bc313bf
9502a7cf-ecf2-45ca-a63d-337b743fc5c6	L	15	vip	30169a51-3c0a-4136-a4c0-9e6f2bc313bf
d48824fe-2e22-48b6-94d4-a341c1406811	L	16	vip	30169a51-3c0a-4136-a4c0-9e6f2bc313bf
ad2968a8-7748-43b9-9346-883469deabfd	M	1	couple	30169a51-3c0a-4136-a4c0-9e6f2bc313bf
933d6db2-faf0-4eb2-954a-9371246bff2b	M	2	couple	30169a51-3c0a-4136-a4c0-9e6f2bc313bf
97bf2ec3-c97b-4bd6-a009-a6ca4994872e	M	3	couple	30169a51-3c0a-4136-a4c0-9e6f2bc313bf
5191008b-6ada-4cd7-ab67-915e5651fc30	M	4	couple	30169a51-3c0a-4136-a4c0-9e6f2bc313bf
db2b35fd-4290-4f50-9888-65755f3a1384	M	5	couple	30169a51-3c0a-4136-a4c0-9e6f2bc313bf
bcbc4e74-70f3-4ff9-9af5-8d57c928cd74	M	6	couple	30169a51-3c0a-4136-a4c0-9e6f2bc313bf
0e965a2b-d3b8-488d-bc25-a7cb1f023ff1	M	7	couple	30169a51-3c0a-4136-a4c0-9e6f2bc313bf
b845a541-5ae8-4503-b21e-8f30f83000d2	M	8	couple	30169a51-3c0a-4136-a4c0-9e6f2bc313bf
576aecc6-c3b5-48d3-b006-d33274485f1b	M	9	couple	30169a51-3c0a-4136-a4c0-9e6f2bc313bf
239fbc76-8ff6-4a6e-a52a-18abc99aa438	M	10	couple	30169a51-3c0a-4136-a4c0-9e6f2bc313bf
f1bf65fd-6d20-45d6-9662-f125eb42979c	M	11	couple	30169a51-3c0a-4136-a4c0-9e6f2bc313bf
260cbc81-715c-42bd-9d42-77cb058ef388	M	12	couple	30169a51-3c0a-4136-a4c0-9e6f2bc313bf
e45bf8b8-7324-4072-8335-91b71ab9232f	M	13	couple	30169a51-3c0a-4136-a4c0-9e6f2bc313bf
1a9f1855-74ad-4d06-91e9-58a04bf1502f	M	14	couple	30169a51-3c0a-4136-a4c0-9e6f2bc313bf
0120da82-fc77-4ef9-b0dc-ef36ba056e4b	M	15	couple	30169a51-3c0a-4136-a4c0-9e6f2bc313bf
64e78e78-b454-4550-8c75-c4c17ca5c88e	M	16	couple	30169a51-3c0a-4136-a4c0-9e6f2bc313bf
5400d4cc-d289-416b-a058-5c87759c2073	N	1	couple	30169a51-3c0a-4136-a4c0-9e6f2bc313bf
00a6e2fb-2df8-4aa6-925e-e85cf04832f2	N	2	couple	30169a51-3c0a-4136-a4c0-9e6f2bc313bf
d2366351-4a8e-4359-8c4e-2c43414f5999	N	3	couple	30169a51-3c0a-4136-a4c0-9e6f2bc313bf
2aac510a-948d-413b-be95-687b04502d63	N	4	couple	30169a51-3c0a-4136-a4c0-9e6f2bc313bf
4d8bbe69-aea6-4a0c-bad3-f2973a05e81d	N	5	couple	30169a51-3c0a-4136-a4c0-9e6f2bc313bf
845008bc-c57d-46ff-9826-f6cfacb9853b	N	6	couple	30169a51-3c0a-4136-a4c0-9e6f2bc313bf
b76118e4-0f6c-4c67-a90c-74f3eb6fd9c4	N	7	couple	30169a51-3c0a-4136-a4c0-9e6f2bc313bf
5ff82974-d270-499c-8c82-da6263d298f9	N	8	couple	30169a51-3c0a-4136-a4c0-9e6f2bc313bf
8fdbeed8-34df-44fa-8ef1-ee00aa2effa7	N	9	couple	30169a51-3c0a-4136-a4c0-9e6f2bc313bf
d80037a0-7760-4317-80f5-7445b78c9323	N	10	couple	30169a51-3c0a-4136-a4c0-9e6f2bc313bf
807c1ed5-5e0a-4c4a-a0cc-88f8bbce9c74	N	11	couple	30169a51-3c0a-4136-a4c0-9e6f2bc313bf
e4682b6c-9054-481f-8442-28284ed435f5	N	12	couple	30169a51-3c0a-4136-a4c0-9e6f2bc313bf
341eb3ca-aaa1-499b-8a09-dce1b4735dc5	N	13	couple	30169a51-3c0a-4136-a4c0-9e6f2bc313bf
61421460-3640-47f0-bb76-888197cecda4	N	14	couple	30169a51-3c0a-4136-a4c0-9e6f2bc313bf
b79e4811-e437-4693-aa9c-34172700a98a	N	15	couple	30169a51-3c0a-4136-a4c0-9e6f2bc313bf
a0abe9dc-bda1-49cc-9147-5b30e1b09ae1	N	16	couple	30169a51-3c0a-4136-a4c0-9e6f2bc313bf
\.


--
-- Data for Name: api_showtime; Type: TABLE DATA; Schema: public; Owner: trantuanduong
--

COPY public.api_showtime (id, start_time, end_time, base_price, status, auditorium_id, movie_id) FROM stdin;
d0fb9d82-4cfe-4313-9164-43473ab84c97	2025-10-16 17:00:00+07	2025-10-16 20:02:00+07	80000.00	scheduled	eee1d55a-4fd7-45f8-98f3-fe316bea0b07	0fc89c4b-9228-4c10-b92a-80f94da1de9e
76b81492-f11b-449d-9a91-9cc56e068fca	2025-10-16 21:30:00+07	2025-10-17 00:28:00+07	100000.00	scheduled	eee1d55a-4fd7-45f8-98f3-fe316bea0b07	e892e566-b9c2-4a58-885b-607cf67e8326
71b9bb55-acc4-42d4-b114-1db459398788	2025-10-17 01:00:00+07	2025-10-17 04:19:00+07	120000.00	scheduled	eee1d55a-4fd7-45f8-98f3-fe316bea0b07	f19673f2-af2a-4faa-86b7-841b8ea77836
9eb356b9-06ff-4710-9fa1-6bd17be91354	2025-10-17 04:30:00+07	2025-10-17 07:23:00+07	150000.00	scheduled	eee1d55a-4fd7-45f8-98f3-fe316bea0b07	2babc793-bc35-4ca2-b60c-9402a8d639c1
2ea80f0e-02f7-4cd6-bc4f-7938fa3c0c54	2025-10-16 17:00:00+07	2025-10-16 20:02:00+07	80000.00	scheduled	4f3098da-57b2-4100-bb89-4a9a792a5b6e	0fc89c4b-9228-4c10-b92a-80f94da1de9e
408cf192-34ac-4380-af63-565ebca1fbdc	2025-10-16 21:30:00+07	2025-10-17 00:28:00+07	100000.00	scheduled	4f3098da-57b2-4100-bb89-4a9a792a5b6e	e892e566-b9c2-4a58-885b-607cf67e8326
dd1852f1-3c87-49d2-a7da-345f6af8eec6	2025-10-17 01:00:00+07	2025-10-17 04:19:00+07	120000.00	scheduled	4f3098da-57b2-4100-bb89-4a9a792a5b6e	f19673f2-af2a-4faa-86b7-841b8ea77836
74426f09-0def-4f28-921e-742cdbfba671	2025-10-17 04:30:00+07	2025-10-17 07:23:00+07	150000.00	scheduled	4f3098da-57b2-4100-bb89-4a9a792a5b6e	2babc793-bc35-4ca2-b60c-9402a8d639c1
24862343-4362-44d1-9eb9-02ac3bb0908c	2025-10-16 17:00:00+07	2025-10-16 20:02:00+07	80000.00	scheduled	90d82435-d468-45d6-9c9c-b3432bd65a1c	0fc89c4b-9228-4c10-b92a-80f94da1de9e
0a1f3a8b-b962-40b4-8c27-0ef9e1fdfc56	2025-10-16 21:30:00+07	2025-10-17 00:28:00+07	100000.00	scheduled	90d82435-d468-45d6-9c9c-b3432bd65a1c	e892e566-b9c2-4a58-885b-607cf67e8326
cd0fc189-23ba-4af3-8735-ef14b71dece9	2025-10-17 01:00:00+07	2025-10-17 04:19:00+07	120000.00	scheduled	90d82435-d468-45d6-9c9c-b3432bd65a1c	f19673f2-af2a-4faa-86b7-841b8ea77836
c24d9006-04af-4201-82da-53828ea0014e	2025-10-17 04:30:00+07	2025-10-17 07:23:00+07	150000.00	scheduled	90d82435-d468-45d6-9c9c-b3432bd65a1c	2babc793-bc35-4ca2-b60c-9402a8d639c1
d5fbbed2-d6b8-4cc6-b9a9-e757926e8273	2025-10-16 17:00:00+07	2025-10-16 20:02:00+07	80000.00	scheduled	30169a51-3c0a-4136-a4c0-9e6f2bc313bf	0fc89c4b-9228-4c10-b92a-80f94da1de9e
8f83550c-1a58-4b60-8238-aba1ac618124	2025-10-16 21:30:00+07	2025-10-17 00:28:00+07	100000.00	scheduled	30169a51-3c0a-4136-a4c0-9e6f2bc313bf	e892e566-b9c2-4a58-885b-607cf67e8326
12aa914a-8b4f-4520-ae44-381935e9e838	2025-10-17 01:00:00+07	2025-10-17 04:19:00+07	120000.00	scheduled	30169a51-3c0a-4136-a4c0-9e6f2bc313bf	f19673f2-af2a-4faa-86b7-841b8ea77836
c0cd2e8f-1892-4f87-86a0-84d92efdbbcb	2025-10-17 04:30:00+07	2025-10-17 07:23:00+07	150000.00	scheduled	30169a51-3c0a-4136-a4c0-9e6f2bc313bf	2babc793-bc35-4ca2-b60c-9402a8d639c1
90080ad2-acde-4014-b903-ba0131410604	2025-10-17 17:00:00+07	2025-10-17 20:02:00+07	80000.00	scheduled	eee1d55a-4fd7-45f8-98f3-fe316bea0b07	0fc89c4b-9228-4c10-b92a-80f94da1de9e
a4096127-8606-4690-aa9b-00701598d357	2025-10-17 21:30:00+07	2025-10-18 00:28:00+07	100000.00	scheduled	eee1d55a-4fd7-45f8-98f3-fe316bea0b07	e892e566-b9c2-4a58-885b-607cf67e8326
52243121-93d3-4773-9fb7-6e37df85173f	2025-10-18 01:00:00+07	2025-10-18 04:19:00+07	120000.00	scheduled	eee1d55a-4fd7-45f8-98f3-fe316bea0b07	f19673f2-af2a-4faa-86b7-841b8ea77836
12751c97-cc01-4ad7-90a5-a65de34feafe	2025-10-18 04:30:00+07	2025-10-18 07:23:00+07	150000.00	scheduled	eee1d55a-4fd7-45f8-98f3-fe316bea0b07	2babc793-bc35-4ca2-b60c-9402a8d639c1
9c95ab65-7634-4a30-ac3d-96fd34a2ea37	2025-10-17 17:00:00+07	2025-10-17 20:02:00+07	80000.00	scheduled	4f3098da-57b2-4100-bb89-4a9a792a5b6e	0fc89c4b-9228-4c10-b92a-80f94da1de9e
bad686bb-e742-441c-97b3-06f770740ee5	2025-10-17 21:30:00+07	2025-10-18 00:28:00+07	100000.00	scheduled	4f3098da-57b2-4100-bb89-4a9a792a5b6e	e892e566-b9c2-4a58-885b-607cf67e8326
259a4281-dfe7-4f5f-be17-5e3648ae4077	2025-10-18 01:00:00+07	2025-10-18 04:19:00+07	120000.00	scheduled	4f3098da-57b2-4100-bb89-4a9a792a5b6e	f19673f2-af2a-4faa-86b7-841b8ea77836
4beb4642-d6cb-4c5f-8a96-5199133891eb	2025-10-18 04:30:00+07	2025-10-18 07:23:00+07	150000.00	scheduled	4f3098da-57b2-4100-bb89-4a9a792a5b6e	2babc793-bc35-4ca2-b60c-9402a8d639c1
f5a77cb9-d036-44ab-b4ea-6f0e4c8cf01f	2025-10-17 17:00:00+07	2025-10-17 20:02:00+07	80000.00	scheduled	90d82435-d468-45d6-9c9c-b3432bd65a1c	0fc89c4b-9228-4c10-b92a-80f94da1de9e
a5b0fcf7-14a2-4dbd-a695-50802ac75b44	2025-10-17 21:30:00+07	2025-10-18 00:28:00+07	100000.00	scheduled	90d82435-d468-45d6-9c9c-b3432bd65a1c	e892e566-b9c2-4a58-885b-607cf67e8326
6fa62058-4a74-43af-9c98-530dc051f51d	2025-10-18 01:00:00+07	2025-10-18 04:19:00+07	120000.00	scheduled	90d82435-d468-45d6-9c9c-b3432bd65a1c	f19673f2-af2a-4faa-86b7-841b8ea77836
9f85e987-e0ad-4238-8346-ef5e06e038fe	2025-10-18 04:30:00+07	2025-10-18 07:23:00+07	150000.00	scheduled	90d82435-d468-45d6-9c9c-b3432bd65a1c	2babc793-bc35-4ca2-b60c-9402a8d639c1
6380c771-4df8-4e36-b004-98a9512cf3c6	2025-10-17 17:00:00+07	2025-10-17 20:02:00+07	80000.00	scheduled	30169a51-3c0a-4136-a4c0-9e6f2bc313bf	0fc89c4b-9228-4c10-b92a-80f94da1de9e
25a82535-0008-4b0d-9cc6-392bf15c5e1a	2025-10-17 21:30:00+07	2025-10-18 00:28:00+07	100000.00	scheduled	30169a51-3c0a-4136-a4c0-9e6f2bc313bf	e892e566-b9c2-4a58-885b-607cf67e8326
b5f0da34-ef1f-4cf8-a66f-8496c27ddc15	2025-10-18 01:00:00+07	2025-10-18 04:19:00+07	120000.00	scheduled	30169a51-3c0a-4136-a4c0-9e6f2bc313bf	f19673f2-af2a-4faa-86b7-841b8ea77836
66e575e0-795d-48d8-8858-1bfefacccc26	2025-10-18 04:30:00+07	2025-10-18 07:23:00+07	150000.00	scheduled	30169a51-3c0a-4136-a4c0-9e6f2bc313bf	2babc793-bc35-4ca2-b60c-9402a8d639c1
0a8c6468-d95f-47e9-9aa4-0288bb1d56b6	2025-10-18 17:00:00+07	2025-10-18 20:02:00+07	80000.00	scheduled	eee1d55a-4fd7-45f8-98f3-fe316bea0b07	0fc89c4b-9228-4c10-b92a-80f94da1de9e
c6ec755c-a1c8-4e42-9c77-b4ea814f8380	2025-10-18 21:30:00+07	2025-10-19 00:28:00+07	100000.00	scheduled	eee1d55a-4fd7-45f8-98f3-fe316bea0b07	e892e566-b9c2-4a58-885b-607cf67e8326
331a795d-6274-4cfc-9f26-b3a221dbe0fb	2025-10-19 01:00:00+07	2025-10-19 04:19:00+07	120000.00	scheduled	eee1d55a-4fd7-45f8-98f3-fe316bea0b07	f19673f2-af2a-4faa-86b7-841b8ea77836
36f16aed-b50e-409a-a8f6-253ca7bb6395	2025-10-19 04:30:00+07	2025-10-19 07:23:00+07	150000.00	scheduled	eee1d55a-4fd7-45f8-98f3-fe316bea0b07	2babc793-bc35-4ca2-b60c-9402a8d639c1
ce5c2ff7-d80d-417b-9747-b1875b9147f0	2025-10-18 17:00:00+07	2025-10-18 20:02:00+07	80000.00	scheduled	4f3098da-57b2-4100-bb89-4a9a792a5b6e	0fc89c4b-9228-4c10-b92a-80f94da1de9e
aa1e970c-6327-4426-a833-ba978ea61b16	2025-10-18 21:30:00+07	2025-10-19 00:28:00+07	100000.00	scheduled	4f3098da-57b2-4100-bb89-4a9a792a5b6e	e892e566-b9c2-4a58-885b-607cf67e8326
ad69c4d8-2bb6-4063-96b3-ed020bc3e3a2	2025-10-19 01:00:00+07	2025-10-19 04:19:00+07	120000.00	scheduled	4f3098da-57b2-4100-bb89-4a9a792a5b6e	f19673f2-af2a-4faa-86b7-841b8ea77836
be555ebb-9e04-4df2-a13a-0557c4ed1451	2025-10-19 04:30:00+07	2025-10-19 07:23:00+07	150000.00	scheduled	4f3098da-57b2-4100-bb89-4a9a792a5b6e	2babc793-bc35-4ca2-b60c-9402a8d639c1
b506ba74-5504-4786-a1aa-bc1a703f3f41	2025-10-18 17:00:00+07	2025-10-18 20:02:00+07	80000.00	scheduled	90d82435-d468-45d6-9c9c-b3432bd65a1c	0fc89c4b-9228-4c10-b92a-80f94da1de9e
fa1702b2-21fa-457f-86f3-099539a7f003	2025-10-18 21:30:00+07	2025-10-19 00:28:00+07	100000.00	scheduled	90d82435-d468-45d6-9c9c-b3432bd65a1c	e892e566-b9c2-4a58-885b-607cf67e8326
3d55e7e6-886f-4683-8863-d8ae62952d23	2025-10-19 01:00:00+07	2025-10-19 04:19:00+07	120000.00	scheduled	90d82435-d468-45d6-9c9c-b3432bd65a1c	f19673f2-af2a-4faa-86b7-841b8ea77836
10013138-99fd-4b09-b71c-158c5a150712	2025-10-19 04:30:00+07	2025-10-19 07:23:00+07	150000.00	scheduled	90d82435-d468-45d6-9c9c-b3432bd65a1c	2babc793-bc35-4ca2-b60c-9402a8d639c1
d8010709-6fe3-48ce-b6c2-715e9843c2fc	2025-10-18 17:00:00+07	2025-10-18 20:02:00+07	80000.00	scheduled	30169a51-3c0a-4136-a4c0-9e6f2bc313bf	0fc89c4b-9228-4c10-b92a-80f94da1de9e
27aeaef3-6686-41bc-bc11-2004a292b39f	2025-10-18 21:30:00+07	2025-10-19 00:28:00+07	100000.00	scheduled	30169a51-3c0a-4136-a4c0-9e6f2bc313bf	e892e566-b9c2-4a58-885b-607cf67e8326
d0bdd507-e2f0-457d-baa6-51f2284af0f6	2025-10-19 01:00:00+07	2025-10-19 04:19:00+07	120000.00	scheduled	30169a51-3c0a-4136-a4c0-9e6f2bc313bf	f19673f2-af2a-4faa-86b7-841b8ea77836
a199a053-bfd2-4213-aae8-b38ce39b1a57	2025-10-19 04:30:00+07	2025-10-19 07:23:00+07	150000.00	scheduled	30169a51-3c0a-4136-a4c0-9e6f2bc313bf	2babc793-bc35-4ca2-b60c-9402a8d639c1
9f24a5c3-cf7a-4e02-ab69-af33a9b081c6	2025-10-19 17:00:00+07	2025-10-19 20:02:00+07	80000.00	scheduled	eee1d55a-4fd7-45f8-98f3-fe316bea0b07	0fc89c4b-9228-4c10-b92a-80f94da1de9e
862ac0e2-8d57-49f7-9ec9-53dac73b5c91	2025-10-19 21:30:00+07	2025-10-20 00:28:00+07	100000.00	scheduled	eee1d55a-4fd7-45f8-98f3-fe316bea0b07	e892e566-b9c2-4a58-885b-607cf67e8326
7fd4cfde-b250-4759-8514-6379d6095fd9	2025-10-20 01:00:00+07	2025-10-20 04:19:00+07	120000.00	scheduled	eee1d55a-4fd7-45f8-98f3-fe316bea0b07	f19673f2-af2a-4faa-86b7-841b8ea77836
943ee495-3a55-4412-882c-05de6fb4e849	2025-10-20 04:30:00+07	2025-10-20 07:23:00+07	150000.00	scheduled	eee1d55a-4fd7-45f8-98f3-fe316bea0b07	2babc793-bc35-4ca2-b60c-9402a8d639c1
eb66f2b1-bec6-4955-821d-e44d281bbf8d	2025-10-19 17:00:00+07	2025-10-19 20:02:00+07	80000.00	scheduled	4f3098da-57b2-4100-bb89-4a9a792a5b6e	0fc89c4b-9228-4c10-b92a-80f94da1de9e
68d19eff-6b73-4ad0-ab1a-da0503e623b9	2025-10-19 21:30:00+07	2025-10-20 00:28:00+07	100000.00	scheduled	4f3098da-57b2-4100-bb89-4a9a792a5b6e	e892e566-b9c2-4a58-885b-607cf67e8326
3008bff6-2696-433c-8346-43fe5b1e44e8	2025-10-20 01:00:00+07	2025-10-20 04:19:00+07	120000.00	scheduled	4f3098da-57b2-4100-bb89-4a9a792a5b6e	f19673f2-af2a-4faa-86b7-841b8ea77836
73720528-4a10-4158-a304-e813bf940b8d	2025-10-20 04:30:00+07	2025-10-20 07:23:00+07	150000.00	scheduled	4f3098da-57b2-4100-bb89-4a9a792a5b6e	2babc793-bc35-4ca2-b60c-9402a8d639c1
4ad1d20b-0b89-4364-bdab-94f66d0fe4de	2025-10-19 17:00:00+07	2025-10-19 20:02:00+07	80000.00	scheduled	90d82435-d468-45d6-9c9c-b3432bd65a1c	0fc89c4b-9228-4c10-b92a-80f94da1de9e
f4c6998f-3c3c-4eb0-a53d-6d95f82e975c	2025-10-19 21:30:00+07	2025-10-20 00:28:00+07	100000.00	scheduled	90d82435-d468-45d6-9c9c-b3432bd65a1c	e892e566-b9c2-4a58-885b-607cf67e8326
d7275a36-ec7d-4959-a26e-eded8121f726	2025-10-20 01:00:00+07	2025-10-20 04:19:00+07	120000.00	scheduled	90d82435-d468-45d6-9c9c-b3432bd65a1c	f19673f2-af2a-4faa-86b7-841b8ea77836
e026f08f-d527-4728-b19f-fc349729907c	2025-10-20 04:30:00+07	2025-10-20 07:23:00+07	150000.00	scheduled	90d82435-d468-45d6-9c9c-b3432bd65a1c	2babc793-bc35-4ca2-b60c-9402a8d639c1
77df34c7-3e3a-4743-8151-9afe5a4091d5	2025-10-19 17:00:00+07	2025-10-19 20:02:00+07	80000.00	scheduled	30169a51-3c0a-4136-a4c0-9e6f2bc313bf	0fc89c4b-9228-4c10-b92a-80f94da1de9e
2cf6c3b8-2a3c-448d-a79e-8797f3f1a474	2025-10-19 21:30:00+07	2025-10-20 00:28:00+07	100000.00	scheduled	30169a51-3c0a-4136-a4c0-9e6f2bc313bf	e892e566-b9c2-4a58-885b-607cf67e8326
30f7cc98-06f4-4968-a6bd-5425e182399d	2025-10-20 01:00:00+07	2025-10-20 04:19:00+07	120000.00	scheduled	30169a51-3c0a-4136-a4c0-9e6f2bc313bf	f19673f2-af2a-4faa-86b7-841b8ea77836
0186fd04-d2dd-4366-986c-3c13a98fdb4c	2025-10-20 04:30:00+07	2025-10-20 07:23:00+07	150000.00	scheduled	30169a51-3c0a-4136-a4c0-9e6f2bc313bf	2babc793-bc35-4ca2-b60c-9402a8d639c1
8e30172b-0769-4262-ac75-e741e213cfc9	2025-10-20 17:00:00+07	2025-10-20 20:02:00+07	80000.00	scheduled	eee1d55a-4fd7-45f8-98f3-fe316bea0b07	0fc89c4b-9228-4c10-b92a-80f94da1de9e
0f4589c0-0758-4578-bb87-80b144727c15	2025-10-20 21:30:00+07	2025-10-21 00:28:00+07	100000.00	scheduled	eee1d55a-4fd7-45f8-98f3-fe316bea0b07	e892e566-b9c2-4a58-885b-607cf67e8326
484ccb81-e986-47ef-91f9-32bc3ec5fe0d	2025-10-21 01:00:00+07	2025-10-21 04:19:00+07	120000.00	scheduled	eee1d55a-4fd7-45f8-98f3-fe316bea0b07	f19673f2-af2a-4faa-86b7-841b8ea77836
2295007f-2f67-49e1-b55d-12e4274d5f20	2025-10-21 04:30:00+07	2025-10-21 07:23:00+07	150000.00	scheduled	eee1d55a-4fd7-45f8-98f3-fe316bea0b07	2babc793-bc35-4ca2-b60c-9402a8d639c1
e920da1a-10c7-4da4-9f65-dca3ae411eb6	2025-10-20 17:00:00+07	2025-10-20 20:02:00+07	80000.00	scheduled	4f3098da-57b2-4100-bb89-4a9a792a5b6e	0fc89c4b-9228-4c10-b92a-80f94da1de9e
d0a6ba74-af12-4dd7-8535-8a2d29aa76eb	2025-10-20 21:30:00+07	2025-10-21 00:28:00+07	100000.00	scheduled	4f3098da-57b2-4100-bb89-4a9a792a5b6e	e892e566-b9c2-4a58-885b-607cf67e8326
444e8798-f7d0-4d7b-8d4d-39da04448ed4	2025-10-21 01:00:00+07	2025-10-21 04:19:00+07	120000.00	scheduled	4f3098da-57b2-4100-bb89-4a9a792a5b6e	f19673f2-af2a-4faa-86b7-841b8ea77836
abbaea29-736d-4c62-a7ad-0a63809457d6	2025-10-21 04:30:00+07	2025-10-21 07:23:00+07	150000.00	scheduled	4f3098da-57b2-4100-bb89-4a9a792a5b6e	2babc793-bc35-4ca2-b60c-9402a8d639c1
5aca2225-52d4-40c8-a158-88c3f787b9b3	2025-10-20 17:00:00+07	2025-10-20 20:02:00+07	80000.00	scheduled	90d82435-d468-45d6-9c9c-b3432bd65a1c	0fc89c4b-9228-4c10-b92a-80f94da1de9e
d58de2d3-c4ee-40a5-8f4a-60e77a921891	2025-10-20 21:30:00+07	2025-10-21 00:28:00+07	100000.00	scheduled	90d82435-d468-45d6-9c9c-b3432bd65a1c	e892e566-b9c2-4a58-885b-607cf67e8326
b8ab000a-ad5b-41e4-8dc1-8ddbd2e5462c	2025-10-21 01:00:00+07	2025-10-21 04:19:00+07	120000.00	scheduled	90d82435-d468-45d6-9c9c-b3432bd65a1c	f19673f2-af2a-4faa-86b7-841b8ea77836
8620a15d-4af6-4621-a4da-4c1f3d8a7d91	2025-10-21 04:30:00+07	2025-10-21 07:23:00+07	150000.00	scheduled	90d82435-d468-45d6-9c9c-b3432bd65a1c	2babc793-bc35-4ca2-b60c-9402a8d639c1
d908a140-1237-4e9b-bb4b-7915d1c46b44	2025-10-20 17:00:00+07	2025-10-20 20:02:00+07	80000.00	scheduled	30169a51-3c0a-4136-a4c0-9e6f2bc313bf	0fc89c4b-9228-4c10-b92a-80f94da1de9e
69d19ed3-b592-4686-ba26-60599748cffa	2025-10-20 21:30:00+07	2025-10-21 00:28:00+07	100000.00	scheduled	30169a51-3c0a-4136-a4c0-9e6f2bc313bf	e892e566-b9c2-4a58-885b-607cf67e8326
016ecfa3-e015-45c2-ab52-cc644a00896c	2025-10-21 01:00:00+07	2025-10-21 04:19:00+07	120000.00	scheduled	30169a51-3c0a-4136-a4c0-9e6f2bc313bf	f19673f2-af2a-4faa-86b7-841b8ea77836
5856296c-ce33-4c60-81d7-69a4179b2734	2025-10-21 04:30:00+07	2025-10-21 07:23:00+07	150000.00	scheduled	30169a51-3c0a-4136-a4c0-9e6f2bc313bf	2babc793-bc35-4ca2-b60c-9402a8d639c1
c335604a-4bb9-49ec-9aea-6c6e3d7426d7	2025-10-21 17:00:00+07	2025-10-21 20:02:00+07	80000.00	scheduled	eee1d55a-4fd7-45f8-98f3-fe316bea0b07	0fc89c4b-9228-4c10-b92a-80f94da1de9e
3095826d-e100-455c-871b-2106ff003c34	2025-10-21 21:30:00+07	2025-10-22 00:28:00+07	100000.00	scheduled	eee1d55a-4fd7-45f8-98f3-fe316bea0b07	e892e566-b9c2-4a58-885b-607cf67e8326
5c7a20c0-9205-4591-9dc3-be50347a2ee4	2025-10-22 01:00:00+07	2025-10-22 04:19:00+07	120000.00	scheduled	eee1d55a-4fd7-45f8-98f3-fe316bea0b07	f19673f2-af2a-4faa-86b7-841b8ea77836
26637524-a423-40af-aac4-7eb869d314f9	2025-10-22 04:30:00+07	2025-10-22 07:23:00+07	150000.00	scheduled	eee1d55a-4fd7-45f8-98f3-fe316bea0b07	2babc793-bc35-4ca2-b60c-9402a8d639c1
011071b6-fe0e-4490-9837-89eee9e6a48c	2025-10-21 17:00:00+07	2025-10-21 20:02:00+07	80000.00	scheduled	4f3098da-57b2-4100-bb89-4a9a792a5b6e	0fc89c4b-9228-4c10-b92a-80f94da1de9e
adc6565e-54e8-4020-a4fc-0bf64af95a4a	2025-10-21 21:30:00+07	2025-10-22 00:28:00+07	100000.00	scheduled	4f3098da-57b2-4100-bb89-4a9a792a5b6e	e892e566-b9c2-4a58-885b-607cf67e8326
ae07365d-8f29-4e1d-941c-86b93911d6d3	2025-10-22 01:00:00+07	2025-10-22 04:19:00+07	120000.00	scheduled	4f3098da-57b2-4100-bb89-4a9a792a5b6e	f19673f2-af2a-4faa-86b7-841b8ea77836
accb9c2b-3bc1-4abd-a0e4-2d0a8231d680	2025-10-22 04:30:00+07	2025-10-22 07:23:00+07	150000.00	scheduled	4f3098da-57b2-4100-bb89-4a9a792a5b6e	2babc793-bc35-4ca2-b60c-9402a8d639c1
c9352d34-df30-4b10-bea6-e6e34ee15a15	2025-10-21 17:00:00+07	2025-10-21 20:02:00+07	80000.00	scheduled	90d82435-d468-45d6-9c9c-b3432bd65a1c	0fc89c4b-9228-4c10-b92a-80f94da1de9e
96e4aaa8-7cea-4fff-9e63-cd6f2de86ea7	2025-10-21 21:30:00+07	2025-10-22 00:28:00+07	100000.00	scheduled	90d82435-d468-45d6-9c9c-b3432bd65a1c	e892e566-b9c2-4a58-885b-607cf67e8326
4477373c-78c2-4890-ab8f-ae9eddaee063	2025-10-22 01:00:00+07	2025-10-22 04:19:00+07	120000.00	scheduled	90d82435-d468-45d6-9c9c-b3432bd65a1c	f19673f2-af2a-4faa-86b7-841b8ea77836
eac5b98e-e45b-4af4-8df6-dd06e81af004	2025-10-22 04:30:00+07	2025-10-22 07:23:00+07	150000.00	scheduled	90d82435-d468-45d6-9c9c-b3432bd65a1c	2babc793-bc35-4ca2-b60c-9402a8d639c1
71768281-32ec-493c-813c-127ee809bd10	2025-10-21 17:00:00+07	2025-10-21 20:02:00+07	80000.00	scheduled	30169a51-3c0a-4136-a4c0-9e6f2bc313bf	0fc89c4b-9228-4c10-b92a-80f94da1de9e
4fb9fec9-43a6-406d-8a9a-301ef7e0ead9	2025-10-21 21:30:00+07	2025-10-22 00:28:00+07	100000.00	scheduled	30169a51-3c0a-4136-a4c0-9e6f2bc313bf	e892e566-b9c2-4a58-885b-607cf67e8326
34cac7b9-c077-4307-99af-ace81be8b6e8	2025-10-22 01:00:00+07	2025-10-22 04:19:00+07	120000.00	scheduled	30169a51-3c0a-4136-a4c0-9e6f2bc313bf	f19673f2-af2a-4faa-86b7-841b8ea77836
b0ee2e1b-3ab0-4aa1-b64c-9f0a4eeee439	2025-10-22 04:30:00+07	2025-10-22 07:23:00+07	150000.00	scheduled	30169a51-3c0a-4136-a4c0-9e6f2bc313bf	2babc793-bc35-4ca2-b60c-9402a8d639c1
85a96a56-6539-4f14-8789-3823460ca29b	2025-10-22 17:00:00+07	2025-10-22 20:02:00+07	80000.00	scheduled	eee1d55a-4fd7-45f8-98f3-fe316bea0b07	0fc89c4b-9228-4c10-b92a-80f94da1de9e
cff95ff8-f21a-49f2-9322-d72539f5c982	2025-10-22 21:30:00+07	2025-10-23 00:28:00+07	100000.00	scheduled	eee1d55a-4fd7-45f8-98f3-fe316bea0b07	e892e566-b9c2-4a58-885b-607cf67e8326
7c6b7a2d-06a5-46db-97b3-f05785cc7d8e	2025-10-23 01:00:00+07	2025-10-23 04:19:00+07	120000.00	scheduled	eee1d55a-4fd7-45f8-98f3-fe316bea0b07	f19673f2-af2a-4faa-86b7-841b8ea77836
c96df219-f627-4c54-a521-c3c23549ba88	2025-10-23 04:30:00+07	2025-10-23 07:23:00+07	150000.00	scheduled	eee1d55a-4fd7-45f8-98f3-fe316bea0b07	2babc793-bc35-4ca2-b60c-9402a8d639c1
7864f08d-9b70-4661-a25c-5b7305ecefeb	2025-10-22 17:00:00+07	2025-10-22 20:02:00+07	80000.00	scheduled	4f3098da-57b2-4100-bb89-4a9a792a5b6e	0fc89c4b-9228-4c10-b92a-80f94da1de9e
6ab75d60-d74f-4fac-b816-f5df156f4f4a	2025-10-22 21:30:00+07	2025-10-23 00:28:00+07	100000.00	scheduled	4f3098da-57b2-4100-bb89-4a9a792a5b6e	e892e566-b9c2-4a58-885b-607cf67e8326
3d82cce0-2727-45e4-9db7-a23851c1dad9	2025-10-23 01:00:00+07	2025-10-23 04:19:00+07	120000.00	scheduled	4f3098da-57b2-4100-bb89-4a9a792a5b6e	f19673f2-af2a-4faa-86b7-841b8ea77836
aa6d2ccd-9e3f-454e-a028-de59e866b3a8	2025-10-23 04:30:00+07	2025-10-23 07:23:00+07	150000.00	scheduled	4f3098da-57b2-4100-bb89-4a9a792a5b6e	2babc793-bc35-4ca2-b60c-9402a8d639c1
903bd28d-b426-49e0-9d4a-5687b9e9ba94	2025-10-22 17:00:00+07	2025-10-22 20:02:00+07	80000.00	scheduled	90d82435-d468-45d6-9c9c-b3432bd65a1c	0fc89c4b-9228-4c10-b92a-80f94da1de9e
40e922dc-a39b-480a-9f9b-436dfb5d9cba	2025-10-22 21:30:00+07	2025-10-23 00:28:00+07	100000.00	scheduled	90d82435-d468-45d6-9c9c-b3432bd65a1c	e892e566-b9c2-4a58-885b-607cf67e8326
ac6fb91e-2531-451a-9389-1d174a06bb6a	2025-10-23 01:00:00+07	2025-10-23 04:19:00+07	120000.00	scheduled	90d82435-d468-45d6-9c9c-b3432bd65a1c	f19673f2-af2a-4faa-86b7-841b8ea77836
0820ba50-ea71-4599-a019-aa1fa8cb8e47	2025-10-23 04:30:00+07	2025-10-23 07:23:00+07	150000.00	scheduled	90d82435-d468-45d6-9c9c-b3432bd65a1c	2babc793-bc35-4ca2-b60c-9402a8d639c1
76f29b39-6de4-421e-b218-b7632e4794a9	2025-10-22 17:00:00+07	2025-10-22 20:02:00+07	80000.00	scheduled	30169a51-3c0a-4136-a4c0-9e6f2bc313bf	0fc89c4b-9228-4c10-b92a-80f94da1de9e
dafab686-6b82-4f86-85fb-6131a2087be4	2025-10-22 21:30:00+07	2025-10-23 00:28:00+07	100000.00	scheduled	30169a51-3c0a-4136-a4c0-9e6f2bc313bf	e892e566-b9c2-4a58-885b-607cf67e8326
2dca405c-142f-43f5-922a-f9b90090bc04	2025-10-23 01:00:00+07	2025-10-23 04:19:00+07	120000.00	scheduled	30169a51-3c0a-4136-a4c0-9e6f2bc313bf	f19673f2-af2a-4faa-86b7-841b8ea77836
46f4295f-606f-4256-8204-a9b725a3b550	2025-10-23 04:30:00+07	2025-10-23 07:23:00+07	150000.00	scheduled	30169a51-3c0a-4136-a4c0-9e6f2bc313bf	2babc793-bc35-4ca2-b60c-9402a8d639c1
bf126770-4467-4f3b-8c06-4f47708be308	2025-10-23 17:00:00+07	2025-10-23 20:02:00+07	80000.00	scheduled	eee1d55a-4fd7-45f8-98f3-fe316bea0b07	0fc89c4b-9228-4c10-b92a-80f94da1de9e
b5798aa9-3005-4326-b77a-97b871fa5973	2025-10-23 21:30:00+07	2025-10-24 00:28:00+07	100000.00	scheduled	eee1d55a-4fd7-45f8-98f3-fe316bea0b07	e892e566-b9c2-4a58-885b-607cf67e8326
6d2bf971-0e30-4122-a7a0-ae4eb93f85fd	2025-10-24 01:00:00+07	2025-10-24 04:19:00+07	120000.00	scheduled	eee1d55a-4fd7-45f8-98f3-fe316bea0b07	f19673f2-af2a-4faa-86b7-841b8ea77836
8390085d-236c-4583-8df8-d848ac2c9d4e	2025-10-24 04:30:00+07	2025-10-24 07:23:00+07	150000.00	scheduled	eee1d55a-4fd7-45f8-98f3-fe316bea0b07	2babc793-bc35-4ca2-b60c-9402a8d639c1
ebb86b8c-3565-4e49-87bb-631658b849f3	2025-10-23 17:00:00+07	2025-10-23 20:02:00+07	80000.00	scheduled	4f3098da-57b2-4100-bb89-4a9a792a5b6e	0fc89c4b-9228-4c10-b92a-80f94da1de9e
6c4d526e-12c1-42df-af28-cb11809e7aa3	2025-10-23 21:30:00+07	2025-10-24 00:28:00+07	100000.00	scheduled	4f3098da-57b2-4100-bb89-4a9a792a5b6e	e892e566-b9c2-4a58-885b-607cf67e8326
4da9150e-f7fb-4fe7-97c3-d167d59f60c8	2025-10-24 01:00:00+07	2025-10-24 04:19:00+07	120000.00	scheduled	4f3098da-57b2-4100-bb89-4a9a792a5b6e	f19673f2-af2a-4faa-86b7-841b8ea77836
e1010c1c-855d-4bfd-a504-777e09597b0a	2025-10-24 04:30:00+07	2025-10-24 07:23:00+07	150000.00	scheduled	4f3098da-57b2-4100-bb89-4a9a792a5b6e	2babc793-bc35-4ca2-b60c-9402a8d639c1
048aa51a-22ea-4b12-8c74-fb1e0bcae6f9	2025-10-23 17:00:00+07	2025-10-23 20:02:00+07	80000.00	scheduled	90d82435-d468-45d6-9c9c-b3432bd65a1c	0fc89c4b-9228-4c10-b92a-80f94da1de9e
96ac2de9-e696-4c88-a263-b33fd9e9ca3b	2025-10-23 21:30:00+07	2025-10-24 00:28:00+07	100000.00	scheduled	90d82435-d468-45d6-9c9c-b3432bd65a1c	e892e566-b9c2-4a58-885b-607cf67e8326
a4bf66f6-3e33-4b49-be37-b96a9a02ccbe	2025-10-24 01:00:00+07	2025-10-24 04:19:00+07	120000.00	scheduled	90d82435-d468-45d6-9c9c-b3432bd65a1c	f19673f2-af2a-4faa-86b7-841b8ea77836
02601b88-d7a2-45da-afbb-5a14dbec184e	2025-10-24 04:30:00+07	2025-10-24 07:23:00+07	150000.00	scheduled	90d82435-d468-45d6-9c9c-b3432bd65a1c	2babc793-bc35-4ca2-b60c-9402a8d639c1
9858eb52-8a55-4f16-9357-2e11596ca3e6	2025-10-23 17:00:00+07	2025-10-23 20:02:00+07	80000.00	scheduled	30169a51-3c0a-4136-a4c0-9e6f2bc313bf	0fc89c4b-9228-4c10-b92a-80f94da1de9e
47182405-aa5e-4949-8f2f-7da34f47ad67	2025-10-23 21:30:00+07	2025-10-24 00:28:00+07	100000.00	scheduled	30169a51-3c0a-4136-a4c0-9e6f2bc313bf	e892e566-b9c2-4a58-885b-607cf67e8326
d424124c-734e-4f36-8d11-913eb0525461	2025-10-24 01:00:00+07	2025-10-24 04:19:00+07	120000.00	scheduled	30169a51-3c0a-4136-a4c0-9e6f2bc313bf	f19673f2-af2a-4faa-86b7-841b8ea77836
52f7929d-354d-4ca4-8f47-f6c02ce3bed3	2025-10-24 04:30:00+07	2025-10-24 07:23:00+07	150000.00	scheduled	30169a51-3c0a-4136-a4c0-9e6f2bc313bf	2babc793-bc35-4ca2-b60c-9402a8d639c1
aa8af005-c09a-4951-8e4c-d1a2e23096d6	2025-10-24 17:00:00+07	2025-10-24 20:02:00+07	80000.00	scheduled	eee1d55a-4fd7-45f8-98f3-fe316bea0b07	0fc89c4b-9228-4c10-b92a-80f94da1de9e
203c8d66-8f47-4c2b-9904-3dd8b19eb275	2025-10-24 21:30:00+07	2025-10-25 00:28:00+07	100000.00	scheduled	eee1d55a-4fd7-45f8-98f3-fe316bea0b07	e892e566-b9c2-4a58-885b-607cf67e8326
3986a545-7ea9-4638-ad8e-d235d8e1e621	2025-10-25 01:00:00+07	2025-10-25 04:19:00+07	120000.00	scheduled	eee1d55a-4fd7-45f8-98f3-fe316bea0b07	f19673f2-af2a-4faa-86b7-841b8ea77836
ea0ab30b-6c46-49b0-b82b-a9e99806fe3e	2025-10-25 04:30:00+07	2025-10-25 07:23:00+07	150000.00	scheduled	eee1d55a-4fd7-45f8-98f3-fe316bea0b07	2babc793-bc35-4ca2-b60c-9402a8d639c1
bd60afac-e6a6-47cc-95d6-e378d065309b	2025-10-24 17:00:00+07	2025-10-24 20:02:00+07	80000.00	scheduled	4f3098da-57b2-4100-bb89-4a9a792a5b6e	0fc89c4b-9228-4c10-b92a-80f94da1de9e
6e5c94af-f067-446f-b3b1-b7a91c54b01f	2025-10-24 21:30:00+07	2025-10-25 00:28:00+07	100000.00	scheduled	4f3098da-57b2-4100-bb89-4a9a792a5b6e	e892e566-b9c2-4a58-885b-607cf67e8326
5ee63154-e861-4ef1-9779-aa629ef6d607	2025-10-25 01:00:00+07	2025-10-25 04:19:00+07	120000.00	scheduled	4f3098da-57b2-4100-bb89-4a9a792a5b6e	f19673f2-af2a-4faa-86b7-841b8ea77836
7e30c169-edc0-4031-99bb-6aa41cb136ae	2025-10-25 04:30:00+07	2025-10-25 07:23:00+07	150000.00	scheduled	4f3098da-57b2-4100-bb89-4a9a792a5b6e	2babc793-bc35-4ca2-b60c-9402a8d639c1
f14598b6-e873-4d16-8d92-8d037dd1ba60	2025-10-24 17:00:00+07	2025-10-24 20:02:00+07	80000.00	scheduled	90d82435-d468-45d6-9c9c-b3432bd65a1c	0fc89c4b-9228-4c10-b92a-80f94da1de9e
41a4f99b-ed4c-4667-9b0b-8932b4c38fdb	2025-10-24 21:30:00+07	2025-10-25 00:28:00+07	100000.00	scheduled	90d82435-d468-45d6-9c9c-b3432bd65a1c	e892e566-b9c2-4a58-885b-607cf67e8326
c2905ba1-4faa-4178-8d34-f1ce56a8498c	2025-10-25 01:00:00+07	2025-10-25 04:19:00+07	120000.00	scheduled	90d82435-d468-45d6-9c9c-b3432bd65a1c	f19673f2-af2a-4faa-86b7-841b8ea77836
c0e4165b-3514-421e-bbb4-23c94e2a5ef9	2025-10-25 04:30:00+07	2025-10-25 07:23:00+07	150000.00	scheduled	90d82435-d468-45d6-9c9c-b3432bd65a1c	2babc793-bc35-4ca2-b60c-9402a8d639c1
d085ab53-f418-42a2-8f42-1f17dcc47ee1	2025-10-24 17:00:00+07	2025-10-24 20:02:00+07	80000.00	scheduled	30169a51-3c0a-4136-a4c0-9e6f2bc313bf	0fc89c4b-9228-4c10-b92a-80f94da1de9e
92172bee-0b36-4421-8eff-ea655722285f	2025-10-24 21:30:00+07	2025-10-25 00:28:00+07	100000.00	scheduled	30169a51-3c0a-4136-a4c0-9e6f2bc313bf	e892e566-b9c2-4a58-885b-607cf67e8326
f5a23c2e-799f-402d-9b85-343a4a0ab00c	2025-10-25 01:00:00+07	2025-10-25 04:19:00+07	120000.00	scheduled	30169a51-3c0a-4136-a4c0-9e6f2bc313bf	f19673f2-af2a-4faa-86b7-841b8ea77836
c2820936-de9f-46e3-a575-71febd7478c3	2025-10-25 04:30:00+07	2025-10-25 07:23:00+07	150000.00	scheduled	30169a51-3c0a-4136-a4c0-9e6f2bc313bf	2babc793-bc35-4ca2-b60c-9402a8d639c1
cfd2bfcf-7e68-4622-b6c9-75aa8fe11146	2025-10-25 17:00:00+07	2025-10-25 20:02:00+07	80000.00	scheduled	eee1d55a-4fd7-45f8-98f3-fe316bea0b07	0fc89c4b-9228-4c10-b92a-80f94da1de9e
eb699b88-5b4d-4673-8388-d8e70eb691cc	2025-10-25 21:30:00+07	2025-10-26 00:28:00+07	100000.00	scheduled	eee1d55a-4fd7-45f8-98f3-fe316bea0b07	e892e566-b9c2-4a58-885b-607cf67e8326
ba5c9365-5b23-4d55-ae25-9b042ba1e4f6	2025-10-26 01:00:00+07	2025-10-26 04:19:00+07	120000.00	scheduled	eee1d55a-4fd7-45f8-98f3-fe316bea0b07	f19673f2-af2a-4faa-86b7-841b8ea77836
692f6a09-e9a9-4386-86ba-2ec51934d195	2025-10-26 04:30:00+07	2025-10-26 07:23:00+07	150000.00	scheduled	eee1d55a-4fd7-45f8-98f3-fe316bea0b07	2babc793-bc35-4ca2-b60c-9402a8d639c1
8ab64331-9341-4a14-96ad-11356e97c902	2025-10-25 17:00:00+07	2025-10-25 20:02:00+07	80000.00	scheduled	4f3098da-57b2-4100-bb89-4a9a792a5b6e	0fc89c4b-9228-4c10-b92a-80f94da1de9e
f2449697-e61b-4bbd-b7a0-b8ed7bfa30ac	2025-10-25 21:30:00+07	2025-10-26 00:28:00+07	100000.00	scheduled	4f3098da-57b2-4100-bb89-4a9a792a5b6e	e892e566-b9c2-4a58-885b-607cf67e8326
53666aca-aac7-485f-9caf-6fa6ab8c911a	2025-10-26 01:00:00+07	2025-10-26 04:19:00+07	120000.00	scheduled	4f3098da-57b2-4100-bb89-4a9a792a5b6e	f19673f2-af2a-4faa-86b7-841b8ea77836
2335c32f-a448-4f2b-bbe1-5363815e6416	2025-10-26 04:30:00+07	2025-10-26 07:23:00+07	150000.00	scheduled	4f3098da-57b2-4100-bb89-4a9a792a5b6e	2babc793-bc35-4ca2-b60c-9402a8d639c1
4e231743-b7b0-4f04-81a3-66ae315ec98a	2025-10-25 17:00:00+07	2025-10-25 20:02:00+07	80000.00	scheduled	90d82435-d468-45d6-9c9c-b3432bd65a1c	0fc89c4b-9228-4c10-b92a-80f94da1de9e
7a893efc-5070-42b8-ba2a-9007ceeb76bf	2025-10-25 21:30:00+07	2025-10-26 00:28:00+07	100000.00	scheduled	90d82435-d468-45d6-9c9c-b3432bd65a1c	e892e566-b9c2-4a58-885b-607cf67e8326
fc73681d-074b-4924-9a0a-bf19f3e789c4	2025-10-26 01:00:00+07	2025-10-26 04:19:00+07	120000.00	scheduled	90d82435-d468-45d6-9c9c-b3432bd65a1c	f19673f2-af2a-4faa-86b7-841b8ea77836
200b9a0f-0c49-42e8-8a84-67e1cd1fa3b9	2025-10-26 04:30:00+07	2025-10-26 07:23:00+07	150000.00	scheduled	90d82435-d468-45d6-9c9c-b3432bd65a1c	2babc793-bc35-4ca2-b60c-9402a8d639c1
2a59a4db-c821-45a2-80a1-2e0df85c2bc1	2025-10-25 17:00:00+07	2025-10-25 20:02:00+07	80000.00	scheduled	30169a51-3c0a-4136-a4c0-9e6f2bc313bf	0fc89c4b-9228-4c10-b92a-80f94da1de9e
19f65568-7cc9-4ff4-8232-e5652c8a493e	2025-10-25 21:30:00+07	2025-10-26 00:28:00+07	100000.00	scheduled	30169a51-3c0a-4136-a4c0-9e6f2bc313bf	e892e566-b9c2-4a58-885b-607cf67e8326
6104aa02-6b77-4061-9668-c70047dc9eb0	2025-10-26 01:00:00+07	2025-10-26 04:19:00+07	120000.00	scheduled	30169a51-3c0a-4136-a4c0-9e6f2bc313bf	f19673f2-af2a-4faa-86b7-841b8ea77836
6ec8808e-215c-4b78-be7d-cff78043de56	2025-10-26 04:30:00+07	2025-10-26 07:23:00+07	150000.00	scheduled	30169a51-3c0a-4136-a4c0-9e6f2bc313bf	2babc793-bc35-4ca2-b60c-9402a8d639c1
\.


--
-- Data for Name: api_ticket; Type: TABLE DATA; Schema: public; Owner: trantuanduong
--

COPY public.api_ticket (id, price, qr_code, status, booked_at, booking_id, seat_id, showtime_id) FROM stdin;
0d786c92-30d6-4367-859a-ccc74be87d32	80000.00	\N	canceled	2025-10-16 09:08:01.479801+07	5d23d6dd-2b22-4f7b-a1b3-e1b00935363d	bea492f2-56ca-4f6c-bae3-1af3678c0962	d5fbbed2-d6b8-4cc6-b9a9-e757926e8273
\.


--
-- Data for Name: api_user; Type: TABLE DATA; Schema: public; Owner: trantuanduong
--

COPY public.api_user (password, last_login, is_superuser, username, first_name, last_name, is_staff, is_active, date_joined, id, full_name, email, phone, role, created_at, updated_at, date_of_birth) FROM stdin;
pbkdf2_sha256$1000000$jqbiGTYxCAOaoOyfV5zLtt$UFsOCxJAj5AzivSViG/iwMr3rLh+Ks6HWp5bsxFqICs=	2025-10-17 16:15:54.291803+07	t	admin			t	t	2025-10-16 08:43:06.131272+07	c011f803-fc4e-4adf-94cd-304a1edd5d24	\N	admin@gmail.com	\N	user	2025-10-16 08:43:06.321703+07	2025-10-16 08:43:06.32171+07	\N
pbkdf2_sha256$1000000$fjiagIirU4gwkwVlkdmt7f$8Pzq4qrh2MLnwWVrGsgzXBz0+q7MTvR15GjxtiJrASQ=	2025-10-18 18:32:50.377159+07	f	test1	test	1	f	t	2025-10-16 08:57:05.874818+07	e1a45848-8be0-4cce-8da7-0e6805426e57	\N	test1@example.com	\N	user	2025-10-16 08:57:05.87489+07	2025-10-16 08:57:06.050288+07	\N
\.


--
-- Data for Name: api_user_groups; Type: TABLE DATA; Schema: public; Owner: trantuanduong
--

COPY public.api_user_groups (id, user_id, group_id) FROM stdin;
\.


--
-- Data for Name: api_user_user_permissions; Type: TABLE DATA; Schema: public; Owner: trantuanduong
--

COPY public.api_user_user_permissions (id, user_id, permission_id) FROM stdin;
\.


--
-- Data for Name: auth_group; Type: TABLE DATA; Schema: public; Owner: trantuanduong
--

COPY public.auth_group (id, name) FROM stdin;
\.


--
-- Data for Name: auth_group_permissions; Type: TABLE DATA; Schema: public; Owner: trantuanduong
--

COPY public.auth_group_permissions (id, group_id, permission_id) FROM stdin;
\.


--
-- Data for Name: auth_permission; Type: TABLE DATA; Schema: public; Owner: trantuanduong
--

COPY public.auth_permission (id, name, content_type_id, codename) FROM stdin;
1	Can add log entry	1	add_logentry
2	Can change log entry	1	change_logentry
3	Can delete log entry	1	delete_logentry
4	Can view log entry	1	view_logentry
5	Can add permission	2	add_permission
6	Can change permission	2	change_permission
7	Can delete permission	2	delete_permission
8	Can view permission	2	view_permission
9	Can add group	3	add_group
10	Can change group	3	change_group
11	Can delete group	3	delete_group
12	Can view group	3	view_group
13	Can add content type	4	add_contenttype
14	Can change content type	4	change_contenttype
15	Can delete content type	4	delete_contenttype
16	Can view content type	4	view_contenttype
17	Can add session	5	add_session
18	Can change session	5	change_session
19	Can delete session	5	delete_session
20	Can view session	5	view_session
21	Can add auditorium	6	add_auditorium
22	Can change auditorium	6	change_auditorium
23	Can delete auditorium	6	delete_auditorium
24	Can view auditorium	6	view_auditorium
25	Can add genre	7	add_genre
26	Can change genre	7	change_genre
27	Can delete genre	7	delete_genre
28	Can view genre	7	view_genre
29	Can add movie	8	add_movie
30	Can change movie	8	change_movie
31	Can delete movie	8	delete_movie
32	Can view movie	8	view_movie
33	Can add User	9	add_user
34	Can change User	9	change_user
35	Can delete User	9	delete_user
36	Can view User	9	view_user
37	Can add seat	10	add_seat
38	Can change seat	10	change_seat
39	Can delete seat	10	delete_seat
40	Can view seat	10	view_seat
41	Can add showtime	11	add_showtime
42	Can change showtime	11	change_showtime
43	Can delete showtime	11	delete_showtime
44	Can view showtime	11	view_showtime
45	Can add booking	12	add_booking
46	Can change booking	12	change_booking
47	Can delete booking	12	delete_booking
48	Can view booking	12	view_booking
49	Can add ticket	13	add_ticket
50	Can change ticket	13	change_ticket
51	Can delete ticket	13	delete_ticket
52	Can view ticket	13	view_ticket
53	Can add movie genre	14	add_moviegenre
54	Can change movie genre	14	change_moviegenre
55	Can delete movie genre	14	delete_moviegenre
56	Can view movie genre	14	view_moviegenre
57	Can add payment	15	add_payment
58	Can change payment	15	change_payment
59	Can delete payment	15	delete_payment
60	Can view payment	15	view_payment
\.


--
-- Data for Name: django_admin_log; Type: TABLE DATA; Schema: public; Owner: trantuanduong
--

COPY public.django_admin_log (id, action_time, object_id, object_repr, action_flag, change_message, content_type_id, user_id) FROM stdin;
\.


--
-- Data for Name: django_content_type; Type: TABLE DATA; Schema: public; Owner: trantuanduong
--

COPY public.django_content_type (id, app_label, model) FROM stdin;
1	admin	logentry
2	auth	permission
3	auth	group
4	contenttypes	contenttype
5	sessions	session
6	api	auditorium
7	api	genre
8	api	movie
9	api	user
10	api	seat
11	api	showtime
12	api	booking
13	api	ticket
14	api	moviegenre
15	api	payment
\.


--
-- Data for Name: django_migrations; Type: TABLE DATA; Schema: public; Owner: trantuanduong
--

COPY public.django_migrations (id, app, name, applied) FROM stdin;
1	contenttypes	0001_initial	2025-10-16 08:42:49.702322+07
2	contenttypes	0002_remove_content_type_name	2025-10-16 08:42:49.708639+07
3	auth	0001_initial	2025-10-16 08:42:49.732256+07
4	auth	0002_alter_permission_name_max_length	2025-10-16 08:42:49.734384+07
5	auth	0003_alter_user_email_max_length	2025-10-16 08:42:49.735886+07
6	auth	0004_alter_user_username_opts	2025-10-16 08:42:49.737379+07
7	auth	0005_alter_user_last_login_null	2025-10-16 08:42:49.738848+07
8	auth	0006_require_contenttypes_0002	2025-10-16 08:42:49.739425+07
9	auth	0007_alter_validators_add_error_messages	2025-10-16 08:42:49.741242+07
10	auth	0008_alter_user_username_max_length	2025-10-16 08:42:49.742618+07
11	auth	0009_alter_user_last_name_max_length	2025-10-16 08:42:49.743972+07
12	auth	0010_alter_group_name_max_length	2025-10-16 08:42:49.746805+07
13	auth	0011_update_proxy_permissions	2025-10-16 08:42:49.748159+07
14	auth	0012_alter_user_first_name_max_length	2025-10-16 08:42:49.749563+07
15	api	0001_initial	2025-10-16 08:42:49.849101+07
16	admin	0001_initial	2025-10-16 08:42:49.858967+07
17	admin	0002_logentry_remove_auto_add	2025-10-16 08:42:49.861589+07
18	admin	0003_logentry_add_action_flag_choices	2025-10-16 08:42:49.864426+07
19	sessions	0001_initial	2025-10-16 08:42:49.86833+07
\.


--
-- Data for Name: django_session; Type: TABLE DATA; Schema: public; Owner: trantuanduong
--

COPY public.django_session (session_key, session_data, expire_date) FROM stdin;
\.


--
-- Name: api_moviegenre_id_seq; Type: SEQUENCE SET; Schema: public; Owner: trantuanduong
--

SELECT pg_catalog.setval('public.api_moviegenre_id_seq', 54, true);


--
-- Name: api_user_groups_id_seq; Type: SEQUENCE SET; Schema: public; Owner: trantuanduong
--

SELECT pg_catalog.setval('public.api_user_groups_id_seq', 1, false);


--
-- Name: api_user_user_permissions_id_seq; Type: SEQUENCE SET; Schema: public; Owner: trantuanduong
--

SELECT pg_catalog.setval('public.api_user_user_permissions_id_seq', 1, false);


--
-- Name: auth_group_id_seq; Type: SEQUENCE SET; Schema: public; Owner: trantuanduong
--

SELECT pg_catalog.setval('public.auth_group_id_seq', 1, false);


--
-- Name: auth_group_permissions_id_seq; Type: SEQUENCE SET; Schema: public; Owner: trantuanduong
--

SELECT pg_catalog.setval('public.auth_group_permissions_id_seq', 1, false);


--
-- Name: auth_permission_id_seq; Type: SEQUENCE SET; Schema: public; Owner: trantuanduong
--

SELECT pg_catalog.setval('public.auth_permission_id_seq', 60, true);


--
-- Name: django_admin_log_id_seq; Type: SEQUENCE SET; Schema: public; Owner: trantuanduong
--

SELECT pg_catalog.setval('public.django_admin_log_id_seq', 1, false);


--
-- Name: django_content_type_id_seq; Type: SEQUENCE SET; Schema: public; Owner: trantuanduong
--

SELECT pg_catalog.setval('public.django_content_type_id_seq', 15, true);


--
-- Name: django_migrations_id_seq; Type: SEQUENCE SET; Schema: public; Owner: trantuanduong
--

SELECT pg_catalog.setval('public.django_migrations_id_seq', 19, true);


--
-- Name: api_auditorium api_auditorium_name_key; Type: CONSTRAINT; Schema: public; Owner: trantuanduong
--

ALTER TABLE ONLY public.api_auditorium
    ADD CONSTRAINT api_auditorium_name_key UNIQUE (name);


--
-- Name: api_auditorium api_auditorium_pkey; Type: CONSTRAINT; Schema: public; Owner: trantuanduong
--

ALTER TABLE ONLY public.api_auditorium
    ADD CONSTRAINT api_auditorium_pkey PRIMARY KEY (id);


--
-- Name: api_booking api_booking_pkey; Type: CONSTRAINT; Schema: public; Owner: trantuanduong
--

ALTER TABLE ONLY public.api_booking
    ADD CONSTRAINT api_booking_pkey PRIMARY KEY (id);


--
-- Name: api_genre api_genre_name_key; Type: CONSTRAINT; Schema: public; Owner: trantuanduong
--

ALTER TABLE ONLY public.api_genre
    ADD CONSTRAINT api_genre_name_key UNIQUE (name);


--
-- Name: api_genre api_genre_pkey; Type: CONSTRAINT; Schema: public; Owner: trantuanduong
--

ALTER TABLE ONLY public.api_genre
    ADD CONSTRAINT api_genre_pkey PRIMARY KEY (id);


--
-- Name: api_movie api_movie_pkey; Type: CONSTRAINT; Schema: public; Owner: trantuanduong
--

ALTER TABLE ONLY public.api_movie
    ADD CONSTRAINT api_movie_pkey PRIMARY KEY (id);


--
-- Name: api_moviegenre api_moviegenre_movie_id_genre_id_76ce9461_uniq; Type: CONSTRAINT; Schema: public; Owner: trantuanduong
--

ALTER TABLE ONLY public.api_moviegenre
    ADD CONSTRAINT api_moviegenre_movie_id_genre_id_76ce9461_uniq UNIQUE (movie_id, genre_id);


--
-- Name: api_moviegenre api_moviegenre_pkey; Type: CONSTRAINT; Schema: public; Owner: trantuanduong
--

ALTER TABLE ONLY public.api_moviegenre
    ADD CONSTRAINT api_moviegenre_pkey PRIMARY KEY (id);


--
-- Name: api_payment api_payment_booking_id_key; Type: CONSTRAINT; Schema: public; Owner: trantuanduong
--

ALTER TABLE ONLY public.api_payment
    ADD CONSTRAINT api_payment_booking_id_key UNIQUE (booking_id);


--
-- Name: api_payment api_payment_pkey; Type: CONSTRAINT; Schema: public; Owner: trantuanduong
--

ALTER TABLE ONLY public.api_payment
    ADD CONSTRAINT api_payment_pkey PRIMARY KEY (id);


--
-- Name: api_seat api_seat_auditorium_id_row_label_seat_number_c085b67f_uniq; Type: CONSTRAINT; Schema: public; Owner: trantuanduong
--

ALTER TABLE ONLY public.api_seat
    ADD CONSTRAINT api_seat_auditorium_id_row_label_seat_number_c085b67f_uniq UNIQUE (auditorium_id, row_label, seat_number);


--
-- Name: api_seat api_seat_pkey; Type: CONSTRAINT; Schema: public; Owner: trantuanduong
--

ALTER TABLE ONLY public.api_seat
    ADD CONSTRAINT api_seat_pkey PRIMARY KEY (id);


--
-- Name: api_showtime api_showtime_auditorium_id_start_time_684efc01_uniq; Type: CONSTRAINT; Schema: public; Owner: trantuanduong
--

ALTER TABLE ONLY public.api_showtime
    ADD CONSTRAINT api_showtime_auditorium_id_start_time_684efc01_uniq UNIQUE (auditorium_id, start_time);


--
-- Name: api_showtime api_showtime_pkey; Type: CONSTRAINT; Schema: public; Owner: trantuanduong
--

ALTER TABLE ONLY public.api_showtime
    ADD CONSTRAINT api_showtime_pkey PRIMARY KEY (id);


--
-- Name: api_ticket api_ticket_pkey; Type: CONSTRAINT; Schema: public; Owner: trantuanduong
--

ALTER TABLE ONLY public.api_ticket
    ADD CONSTRAINT api_ticket_pkey PRIMARY KEY (id);


--
-- Name: api_ticket api_ticket_showtime_id_seat_id_c45a7e90_uniq; Type: CONSTRAINT; Schema: public; Owner: trantuanduong
--

ALTER TABLE ONLY public.api_ticket
    ADD CONSTRAINT api_ticket_showtime_id_seat_id_c45a7e90_uniq UNIQUE (showtime_id, seat_id);


--
-- Name: api_user api_user_email_key; Type: CONSTRAINT; Schema: public; Owner: trantuanduong
--

ALTER TABLE ONLY public.api_user
    ADD CONSTRAINT api_user_email_key UNIQUE (email);


--
-- Name: api_user_groups api_user_groups_pkey; Type: CONSTRAINT; Schema: public; Owner: trantuanduong
--

ALTER TABLE ONLY public.api_user_groups
    ADD CONSTRAINT api_user_groups_pkey PRIMARY KEY (id);


--
-- Name: api_user_groups api_user_groups_user_id_group_id_9c7ddfb5_uniq; Type: CONSTRAINT; Schema: public; Owner: trantuanduong
--

ALTER TABLE ONLY public.api_user_groups
    ADD CONSTRAINT api_user_groups_user_id_group_id_9c7ddfb5_uniq UNIQUE (user_id, group_id);


--
-- Name: api_user api_user_pkey; Type: CONSTRAINT; Schema: public; Owner: trantuanduong
--

ALTER TABLE ONLY public.api_user
    ADD CONSTRAINT api_user_pkey PRIMARY KEY (id);


--
-- Name: api_user_user_permissions api_user_user_permissions_pkey; Type: CONSTRAINT; Schema: public; Owner: trantuanduong
--

ALTER TABLE ONLY public.api_user_user_permissions
    ADD CONSTRAINT api_user_user_permissions_pkey PRIMARY KEY (id);


--
-- Name: api_user_user_permissions api_user_user_permissions_user_id_permission_id_a06dd704_uniq; Type: CONSTRAINT; Schema: public; Owner: trantuanduong
--

ALTER TABLE ONLY public.api_user_user_permissions
    ADD CONSTRAINT api_user_user_permissions_user_id_permission_id_a06dd704_uniq UNIQUE (user_id, permission_id);


--
-- Name: api_user api_user_username_key; Type: CONSTRAINT; Schema: public; Owner: trantuanduong
--

ALTER TABLE ONLY public.api_user
    ADD CONSTRAINT api_user_username_key UNIQUE (username);


--
-- Name: auth_group auth_group_name_key; Type: CONSTRAINT; Schema: public; Owner: trantuanduong
--

ALTER TABLE ONLY public.auth_group
    ADD CONSTRAINT auth_group_name_key UNIQUE (name);


--
-- Name: auth_group_permissions auth_group_permissions_group_id_permission_id_0cd325b0_uniq; Type: CONSTRAINT; Schema: public; Owner: trantuanduong
--

ALTER TABLE ONLY public.auth_group_permissions
    ADD CONSTRAINT auth_group_permissions_group_id_permission_id_0cd325b0_uniq UNIQUE (group_id, permission_id);


--
-- Name: auth_group_permissions auth_group_permissions_pkey; Type: CONSTRAINT; Schema: public; Owner: trantuanduong
--

ALTER TABLE ONLY public.auth_group_permissions
    ADD CONSTRAINT auth_group_permissions_pkey PRIMARY KEY (id);


--
-- Name: auth_group auth_group_pkey; Type: CONSTRAINT; Schema: public; Owner: trantuanduong
--

ALTER TABLE ONLY public.auth_group
    ADD CONSTRAINT auth_group_pkey PRIMARY KEY (id);


--
-- Name: auth_permission auth_permission_content_type_id_codename_01ab375a_uniq; Type: CONSTRAINT; Schema: public; Owner: trantuanduong
--

ALTER TABLE ONLY public.auth_permission
    ADD CONSTRAINT auth_permission_content_type_id_codename_01ab375a_uniq UNIQUE (content_type_id, codename);


--
-- Name: auth_permission auth_permission_pkey; Type: CONSTRAINT; Schema: public; Owner: trantuanduong
--

ALTER TABLE ONLY public.auth_permission
    ADD CONSTRAINT auth_permission_pkey PRIMARY KEY (id);


--
-- Name: django_admin_log django_admin_log_pkey; Type: CONSTRAINT; Schema: public; Owner: trantuanduong
--

ALTER TABLE ONLY public.django_admin_log
    ADD CONSTRAINT django_admin_log_pkey PRIMARY KEY (id);


--
-- Name: django_content_type django_content_type_app_label_model_76bd3d3b_uniq; Type: CONSTRAINT; Schema: public; Owner: trantuanduong
--

ALTER TABLE ONLY public.django_content_type
    ADD CONSTRAINT django_content_type_app_label_model_76bd3d3b_uniq UNIQUE (app_label, model);


--
-- Name: django_content_type django_content_type_pkey; Type: CONSTRAINT; Schema: public; Owner: trantuanduong
--

ALTER TABLE ONLY public.django_content_type
    ADD CONSTRAINT django_content_type_pkey PRIMARY KEY (id);


--
-- Name: django_migrations django_migrations_pkey; Type: CONSTRAINT; Schema: public; Owner: trantuanduong
--

ALTER TABLE ONLY public.django_migrations
    ADD CONSTRAINT django_migrations_pkey PRIMARY KEY (id);


--
-- Name: django_session django_session_pkey; Type: CONSTRAINT; Schema: public; Owner: trantuanduong
--

ALTER TABLE ONLY public.django_session
    ADD CONSTRAINT django_session_pkey PRIMARY KEY (session_key);


--
-- Name: api_auditorium_name_af3b8bc3_like; Type: INDEX; Schema: public; Owner: trantuanduong
--

CREATE INDEX api_auditorium_name_af3b8bc3_like ON public.api_auditorium USING btree (name varchar_pattern_ops);


--
-- Name: api_booking_expires_651e73_idx; Type: INDEX; Schema: public; Owner: trantuanduong
--

CREATE INDEX api_booking_expires_651e73_idx ON public.api_booking USING btree (expires_at);


--
-- Name: api_booking_showtim_c4c32e_idx; Type: INDEX; Schema: public; Owner: trantuanduong
--

CREATE INDEX api_booking_showtim_c4c32e_idx ON public.api_booking USING btree (showtime_id);


--
-- Name: api_booking_showtime_id_2b40e217; Type: INDEX; Schema: public; Owner: trantuanduong
--

CREATE INDEX api_booking_showtime_id_2b40e217 ON public.api_booking USING btree (showtime_id);


--
-- Name: api_booking_user_id_0beb30da; Type: INDEX; Schema: public; Owner: trantuanduong
--

CREATE INDEX api_booking_user_id_0beb30da ON public.api_booking USING btree (user_id);


--
-- Name: api_booking_user_id_cfdf50_idx; Type: INDEX; Schema: public; Owner: trantuanduong
--

CREATE INDEX api_booking_user_id_cfdf50_idx ON public.api_booking USING btree (user_id);


--
-- Name: api_genre_name_321d7007_like; Type: INDEX; Schema: public; Owner: trantuanduong
--

CREATE INDEX api_genre_name_321d7007_like ON public.api_genre USING btree (name varchar_pattern_ops);


--
-- Name: api_moviegenre_genre_id_e9ff3de3; Type: INDEX; Schema: public; Owner: trantuanduong
--

CREATE INDEX api_moviegenre_genre_id_e9ff3de3 ON public.api_moviegenre USING btree (genre_id);


--
-- Name: api_moviegenre_movie_id_a4d5ccb0; Type: INDEX; Schema: public; Owner: trantuanduong
--

CREATE INDEX api_moviegenre_movie_id_a4d5ccb0 ON public.api_moviegenre USING btree (movie_id);


--
-- Name: api_payment_booking_a0e9be_idx; Type: INDEX; Schema: public; Owner: trantuanduong
--

CREATE INDEX api_payment_booking_a0e9be_idx ON public.api_payment USING btree (booking_id);


--
-- Name: api_seat_auditorium_id_6213d2ec; Type: INDEX; Schema: public; Owner: trantuanduong
--

CREATE INDEX api_seat_auditorium_id_6213d2ec ON public.api_seat USING btree (auditorium_id);


--
-- Name: api_showtim_auditor_3717c2_idx; Type: INDEX; Schema: public; Owner: trantuanduong
--

CREATE INDEX api_showtim_auditor_3717c2_idx ON public.api_showtime USING btree (auditorium_id, start_time);


--
-- Name: api_showtim_movie_i_043b6b_idx; Type: INDEX; Schema: public; Owner: trantuanduong
--

CREATE INDEX api_showtim_movie_i_043b6b_idx ON public.api_showtime USING btree (movie_id);


--
-- Name: api_showtime_auditorium_id_50f59683; Type: INDEX; Schema: public; Owner: trantuanduong
--

CREATE INDEX api_showtime_auditorium_id_50f59683 ON public.api_showtime USING btree (auditorium_id);


--
-- Name: api_showtime_movie_id_e8eff6d5; Type: INDEX; Schema: public; Owner: trantuanduong
--

CREATE INDEX api_showtime_movie_id_e8eff6d5 ON public.api_showtime USING btree (movie_id);


--
-- Name: api_ticket_booking_id_be136328; Type: INDEX; Schema: public; Owner: trantuanduong
--

CREATE INDEX api_ticket_booking_id_be136328 ON public.api_ticket USING btree (booking_id);


--
-- Name: api_ticket_seat_id_a80d9c80; Type: INDEX; Schema: public; Owner: trantuanduong
--

CREATE INDEX api_ticket_seat_id_a80d9c80 ON public.api_ticket USING btree (seat_id);


--
-- Name: api_ticket_showtim_31e4c3_idx; Type: INDEX; Schema: public; Owner: trantuanduong
--

CREATE INDEX api_ticket_showtim_31e4c3_idx ON public.api_ticket USING btree (showtime_id);


--
-- Name: api_ticket_showtime_id_c02c9f36; Type: INDEX; Schema: public; Owner: trantuanduong
--

CREATE INDEX api_ticket_showtime_id_c02c9f36 ON public.api_ticket USING btree (showtime_id);


--
-- Name: api_user_email_9ef5afa6_like; Type: INDEX; Schema: public; Owner: trantuanduong
--

CREATE INDEX api_user_email_9ef5afa6_like ON public.api_user USING btree (email varchar_pattern_ops);


--
-- Name: api_user_groups_group_id_3af85785; Type: INDEX; Schema: public; Owner: trantuanduong
--

CREATE INDEX api_user_groups_group_id_3af85785 ON public.api_user_groups USING btree (group_id);


--
-- Name: api_user_groups_user_id_a5ff39fa; Type: INDEX; Schema: public; Owner: trantuanduong
--

CREATE INDEX api_user_groups_user_id_a5ff39fa ON public.api_user_groups USING btree (user_id);


--
-- Name: api_user_user_permissions_permission_id_305b7fea; Type: INDEX; Schema: public; Owner: trantuanduong
--

CREATE INDEX api_user_user_permissions_permission_id_305b7fea ON public.api_user_user_permissions USING btree (permission_id);


--
-- Name: api_user_user_permissions_user_id_f3945d65; Type: INDEX; Schema: public; Owner: trantuanduong
--

CREATE INDEX api_user_user_permissions_user_id_f3945d65 ON public.api_user_user_permissions USING btree (user_id);


--
-- Name: api_user_username_cf4e88d2_like; Type: INDEX; Schema: public; Owner: trantuanduong
--

CREATE INDEX api_user_username_cf4e88d2_like ON public.api_user USING btree (username varchar_pattern_ops);


--
-- Name: auth_group_name_a6ea08ec_like; Type: INDEX; Schema: public; Owner: trantuanduong
--

CREATE INDEX auth_group_name_a6ea08ec_like ON public.auth_group USING btree (name varchar_pattern_ops);


--
-- Name: auth_group_permissions_group_id_b120cbf9; Type: INDEX; Schema: public; Owner: trantuanduong
--

CREATE INDEX auth_group_permissions_group_id_b120cbf9 ON public.auth_group_permissions USING btree (group_id);


--
-- Name: auth_group_permissions_permission_id_84c5c92e; Type: INDEX; Schema: public; Owner: trantuanduong
--

CREATE INDEX auth_group_permissions_permission_id_84c5c92e ON public.auth_group_permissions USING btree (permission_id);


--
-- Name: auth_permission_content_type_id_2f476e4b; Type: INDEX; Schema: public; Owner: trantuanduong
--

CREATE INDEX auth_permission_content_type_id_2f476e4b ON public.auth_permission USING btree (content_type_id);


--
-- Name: django_admin_log_content_type_id_c4bce8eb; Type: INDEX; Schema: public; Owner: trantuanduong
--

CREATE INDEX django_admin_log_content_type_id_c4bce8eb ON public.django_admin_log USING btree (content_type_id);


--
-- Name: django_admin_log_user_id_c564eba6; Type: INDEX; Schema: public; Owner: trantuanduong
--

CREATE INDEX django_admin_log_user_id_c564eba6 ON public.django_admin_log USING btree (user_id);


--
-- Name: django_session_expire_date_a5c62663; Type: INDEX; Schema: public; Owner: trantuanduong
--

CREATE INDEX django_session_expire_date_a5c62663 ON public.django_session USING btree (expire_date);


--
-- Name: django_session_session_key_c0390e0f_like; Type: INDEX; Schema: public; Owner: trantuanduong
--

CREATE INDEX django_session_session_key_c0390e0f_like ON public.django_session USING btree (session_key varchar_pattern_ops);


--
-- Name: api_booking api_booking_showtime_id_2b40e217_fk_api_showtime_id; Type: FK CONSTRAINT; Schema: public; Owner: trantuanduong
--

ALTER TABLE ONLY public.api_booking
    ADD CONSTRAINT api_booking_showtime_id_2b40e217_fk_api_showtime_id FOREIGN KEY (showtime_id) REFERENCES public.api_showtime(id) DEFERRABLE INITIALLY DEFERRED;


--
-- Name: api_booking api_booking_user_id_0beb30da_fk_api_user_id; Type: FK CONSTRAINT; Schema: public; Owner: trantuanduong
--

ALTER TABLE ONLY public.api_booking
    ADD CONSTRAINT api_booking_user_id_0beb30da_fk_api_user_id FOREIGN KEY (user_id) REFERENCES public.api_user(id) DEFERRABLE INITIALLY DEFERRED;


--
-- Name: api_moviegenre api_moviegenre_genre_id_e9ff3de3_fk_api_genre_id; Type: FK CONSTRAINT; Schema: public; Owner: trantuanduong
--

ALTER TABLE ONLY public.api_moviegenre
    ADD CONSTRAINT api_moviegenre_genre_id_e9ff3de3_fk_api_genre_id FOREIGN KEY (genre_id) REFERENCES public.api_genre(id) DEFERRABLE INITIALLY DEFERRED;


--
-- Name: api_moviegenre api_moviegenre_movie_id_a4d5ccb0_fk_api_movie_id; Type: FK CONSTRAINT; Schema: public; Owner: trantuanduong
--

ALTER TABLE ONLY public.api_moviegenre
    ADD CONSTRAINT api_moviegenre_movie_id_a4d5ccb0_fk_api_movie_id FOREIGN KEY (movie_id) REFERENCES public.api_movie(id) DEFERRABLE INITIALLY DEFERRED;


--
-- Name: api_payment api_payment_booking_id_cbb84fcd_fk_api_booking_id; Type: FK CONSTRAINT; Schema: public; Owner: trantuanduong
--

ALTER TABLE ONLY public.api_payment
    ADD CONSTRAINT api_payment_booking_id_cbb84fcd_fk_api_booking_id FOREIGN KEY (booking_id) REFERENCES public.api_booking(id) DEFERRABLE INITIALLY DEFERRED;


--
-- Name: api_seat api_seat_auditorium_id_6213d2ec_fk_api_auditorium_id; Type: FK CONSTRAINT; Schema: public; Owner: trantuanduong
--

ALTER TABLE ONLY public.api_seat
    ADD CONSTRAINT api_seat_auditorium_id_6213d2ec_fk_api_auditorium_id FOREIGN KEY (auditorium_id) REFERENCES public.api_auditorium(id) DEFERRABLE INITIALLY DEFERRED;


--
-- Name: api_showtime api_showtime_auditorium_id_50f59683_fk_api_auditorium_id; Type: FK CONSTRAINT; Schema: public; Owner: trantuanduong
--

ALTER TABLE ONLY public.api_showtime
    ADD CONSTRAINT api_showtime_auditorium_id_50f59683_fk_api_auditorium_id FOREIGN KEY (auditorium_id) REFERENCES public.api_auditorium(id) DEFERRABLE INITIALLY DEFERRED;


--
-- Name: api_showtime api_showtime_movie_id_e8eff6d5_fk_api_movie_id; Type: FK CONSTRAINT; Schema: public; Owner: trantuanduong
--

ALTER TABLE ONLY public.api_showtime
    ADD CONSTRAINT api_showtime_movie_id_e8eff6d5_fk_api_movie_id FOREIGN KEY (movie_id) REFERENCES public.api_movie(id) DEFERRABLE INITIALLY DEFERRED;


--
-- Name: api_ticket api_ticket_booking_id_be136328_fk_api_booking_id; Type: FK CONSTRAINT; Schema: public; Owner: trantuanduong
--

ALTER TABLE ONLY public.api_ticket
    ADD CONSTRAINT api_ticket_booking_id_be136328_fk_api_booking_id FOREIGN KEY (booking_id) REFERENCES public.api_booking(id) DEFERRABLE INITIALLY DEFERRED;


--
-- Name: api_ticket api_ticket_seat_id_a80d9c80_fk_api_seat_id; Type: FK CONSTRAINT; Schema: public; Owner: trantuanduong
--

ALTER TABLE ONLY public.api_ticket
    ADD CONSTRAINT api_ticket_seat_id_a80d9c80_fk_api_seat_id FOREIGN KEY (seat_id) REFERENCES public.api_seat(id) DEFERRABLE INITIALLY DEFERRED;


--
-- Name: api_ticket api_ticket_showtime_id_c02c9f36_fk_api_showtime_id; Type: FK CONSTRAINT; Schema: public; Owner: trantuanduong
--

ALTER TABLE ONLY public.api_ticket
    ADD CONSTRAINT api_ticket_showtime_id_c02c9f36_fk_api_showtime_id FOREIGN KEY (showtime_id) REFERENCES public.api_showtime(id) DEFERRABLE INITIALLY DEFERRED;


--
-- Name: api_user_groups api_user_groups_group_id_3af85785_fk_auth_group_id; Type: FK CONSTRAINT; Schema: public; Owner: trantuanduong
--

ALTER TABLE ONLY public.api_user_groups
    ADD CONSTRAINT api_user_groups_group_id_3af85785_fk_auth_group_id FOREIGN KEY (group_id) REFERENCES public.auth_group(id) DEFERRABLE INITIALLY DEFERRED;


--
-- Name: api_user_groups api_user_groups_user_id_a5ff39fa_fk_api_user_id; Type: FK CONSTRAINT; Schema: public; Owner: trantuanduong
--

ALTER TABLE ONLY public.api_user_groups
    ADD CONSTRAINT api_user_groups_user_id_a5ff39fa_fk_api_user_id FOREIGN KEY (user_id) REFERENCES public.api_user(id) DEFERRABLE INITIALLY DEFERRED;


--
-- Name: api_user_user_permissions api_user_user_permis_permission_id_305b7fea_fk_auth_perm; Type: FK CONSTRAINT; Schema: public; Owner: trantuanduong
--

ALTER TABLE ONLY public.api_user_user_permissions
    ADD CONSTRAINT api_user_user_permis_permission_id_305b7fea_fk_auth_perm FOREIGN KEY (permission_id) REFERENCES public.auth_permission(id) DEFERRABLE INITIALLY DEFERRED;


--
-- Name: api_user_user_permissions api_user_user_permissions_user_id_f3945d65_fk_api_user_id; Type: FK CONSTRAINT; Schema: public; Owner: trantuanduong
--

ALTER TABLE ONLY public.api_user_user_permissions
    ADD CONSTRAINT api_user_user_permissions_user_id_f3945d65_fk_api_user_id FOREIGN KEY (user_id) REFERENCES public.api_user(id) DEFERRABLE INITIALLY DEFERRED;


--
-- Name: auth_group_permissions auth_group_permissio_permission_id_84c5c92e_fk_auth_perm; Type: FK CONSTRAINT; Schema: public; Owner: trantuanduong
--

ALTER TABLE ONLY public.auth_group_permissions
    ADD CONSTRAINT auth_group_permissio_permission_id_84c5c92e_fk_auth_perm FOREIGN KEY (permission_id) REFERENCES public.auth_permission(id) DEFERRABLE INITIALLY DEFERRED;


--
-- Name: auth_group_permissions auth_group_permissions_group_id_b120cbf9_fk_auth_group_id; Type: FK CONSTRAINT; Schema: public; Owner: trantuanduong
--

ALTER TABLE ONLY public.auth_group_permissions
    ADD CONSTRAINT auth_group_permissions_group_id_b120cbf9_fk_auth_group_id FOREIGN KEY (group_id) REFERENCES public.auth_group(id) DEFERRABLE INITIALLY DEFERRED;


--
-- Name: auth_permission auth_permission_content_type_id_2f476e4b_fk_django_co; Type: FK CONSTRAINT; Schema: public; Owner: trantuanduong
--

ALTER TABLE ONLY public.auth_permission
    ADD CONSTRAINT auth_permission_content_type_id_2f476e4b_fk_django_co FOREIGN KEY (content_type_id) REFERENCES public.django_content_type(id) DEFERRABLE INITIALLY DEFERRED;


--
-- Name: django_admin_log django_admin_log_content_type_id_c4bce8eb_fk_django_co; Type: FK CONSTRAINT; Schema: public; Owner: trantuanduong
--

ALTER TABLE ONLY public.django_admin_log
    ADD CONSTRAINT django_admin_log_content_type_id_c4bce8eb_fk_django_co FOREIGN KEY (content_type_id) REFERENCES public.django_content_type(id) DEFERRABLE INITIALLY DEFERRED;


--
-- Name: django_admin_log django_admin_log_user_id_c564eba6_fk_api_user_id; Type: FK CONSTRAINT; Schema: public; Owner: trantuanduong
--

ALTER TABLE ONLY public.django_admin_log
    ADD CONSTRAINT django_admin_log_user_id_c564eba6_fk_api_user_id FOREIGN KEY (user_id) REFERENCES public.api_user(id) DEFERRABLE INITIALLY DEFERRED;


--
-- PostgreSQL database dump complete
--

\unrestrict mF3g5M9WMFPqvRjLN9o6C0mXXeo6tRnt12bliIBev6krfhSvFepbIefk4uNoXE6

